Date,Daily_Temperature
2009-01-01,19.0417
2009-01-02,20.625
2009-01-03,20.1667
2009-01-04,20.7917
2009-01-05,20.6667
2009-01-06,19.7917
2009-01-07,19.7083
2009-01-08,20.2083
2009-01-09,21.375
2009-01-10,20.6667
2009-01-11,20.75
2009-01-12,19.9583
2009-01-13,19.4583
2009-01-14,19.375
2009-01-15,19.9167
2009-01-16,20.0417
2009-01-17,19.875
2009-01-18,19.7917
2009-01-19,20.5417
2009-01-20,20.2083
2009-01-21,20.25
2009-01-22,20.5417
2009-01-23,21.125
2009-01-24,21.25
2009-01-25,21.8333
2009-01-26,21.75
2009-01-27,23.25
2009-01-28,24.4583
2009-01-29,23.5417
2009-01-30,22.375
2009-01-31,22.125
2009-02-01,22.625
2009-02-02,22.875
2009-02-03,22.9167
2009-02-04,23.0833
2009-02-05,22.8333
2009-02-06,22.75
2009-02-07,22.5833
2009-02-08,22.5833
2009-02-09,22.0
2009-02-10,22.0
2009-02-11,22.75
2009-02-12,24.2917
2009-02-13,24.5833
2009-02-14,24.5417
2009-02-15,23.5417
2009-02-16,23.1667
2009-02-17,22.0833
2009-02-18,22.2917
2009-02-19,22.9167
2009-02-20,23.125
2009-02-21,24.0
2009-02-22,25.625
2009-02-23,25.75
2009-02-24,26.25
2009-02-25,27.25
2009-02-26,28.375
2009-02-27,26.375
2009-02-28,25.4583
2009-03-01,26.3333
2009-03-02,26.6667
2009-03-03,25.9583
2009-03-04,26.5417
2009-03-05,26.2083
2009-03-06,26.25
2009-03-07,26.7917
2009-03-08,25.9583
2009-03-09,24.375
2009-03-10,21.5417
2009-03-11,22.6667
2009-03-12,21.2083
2009-03-13,23.9167
2009-03-14,24.25
2009-03-15,23.1667
2009-03-16,24.875
2009-03-17,25.375
2009-03-18,25.9583
2009-03-19,25.4583
2009-03-20,26.3333
2009-03-21,26.125
2009-03-22,25.75
2009-03-23,25.6667
2009-03-24,24.2917
2009-03-25,24.0833
2009-03-26,24.875
2009-03-27,26.7917
2009-03-28,26.9583
2009-03-29,26.125
2009-03-30,26.625
2009-03-31,27.0
2009-04-01,27.4583
2009-04-02,27.2917
2009-04-03,27.25
2009-04-04,27.75
2009-04-05,27.4583
2009-04-06,28.7917
2009-04-07,29.4583
2009-04-08,28.9167
2009-04-09,28.125
2009-04-10,26.5
2009-04-11,26.8333
2009-04-12,27.5417
2009-04-13,28.75
2009-04-14,28.7083
2009-04-15,28.4167
2009-04-16,28.8333
2009-04-17,28.4167
2009-04-18,30.375
2009-04-19,29.8333
2009-04-20,26.4167
2009-04-21,26.625
2009-04-22,25.375
2009-04-23,27.7083
2009-04-24,28.2917
2009-04-25,25.9583
2009-04-26,27.125
2009-04-27,29.1667
2009-04-28,28.4583
2009-04-29,30.125
2009-04-30,30.5833
2009-05-01,29.6667
2009-05-02,30.5
2009-05-03,29.8333
2009-05-04,26.6667
2009-05-05,27.75
2009-05-06,27.0
2009-05-07,29.5
2009-05-08,28.9583
2009-05-09,27.125
2009-05-10,27.25
2009-05-11,28.0833
2009-05-12,28.3333
2009-05-13,28.9167
2009-05-14,25.0
2009-05-15,27.2083
2009-05-16,26.375
2009-05-17,27.2083
2009-05-18,27.0
2009-05-19,26.2917
2009-05-20,25.25
2009-05-21,26.0833
2009-05-22,23.7917
2009-05-23,23.0
2009-05-24,24.3333
2009-05-25,25.5833
2009-05-26,24.5
2009-05-27,25.625
2009-05-28,26.7083
2009-05-29,26.25
2009-05-30,25.7917
2009-05-31,24.625
2009-06-01,24.2083
2009-06-02,25.25
2009-06-03,25.5
2009-06-04,25.125
2009-06-05,24.6667
2009-06-06,23.7917
2009-06-07,23.875
2009-06-08,22.9583
2009-06-09,24.8333
2009-06-10,25.125
2009-06-11,24.7083
2009-06-12,22.3333
2009-06-13,22.0417
2009-06-14,22.0417
2009-06-15,21.7917
2009-06-16,21.7917
2009-06-17,24.125
2009-06-18,23.75
2009-06-19,22.7083
2009-06-20,21.8333
2009-06-21,23.5833
2009-06-22,23.8333
2009-06-23,24.1667
2009-06-24,23.9167
2009-06-25,23.7083
2009-06-26,23.3333
2009-06-27,23.5833
2009-06-28,24.1667
2009-06-29,23.875
2009-06-30,24.1667
2009-07-01,24.0
2009-07-02,23.6667
2009-07-03,23.9583
2009-07-04,22.8333
2009-07-05,22.5833
2009-07-06,23.9167
2009-07-07,22.8333
2009-07-08,23.3333
2009-07-09,22.5
2009-07-10,23.5417
2009-07-11,24.125
2009-07-12,23.9583
2009-07-13,24.1667
2009-07-14,22.4167
2009-07-15,22.875
2009-07-16,23.7917
2009-07-17,23.25
2009-07-18,23.7917
2009-07-19,23.0
2009-07-20,23.5
2009-07-21,23.75
2009-07-22,23.3333
2009-07-23,24.0
2009-07-24,24.5417
2009-07-25,24.3333
2009-07-26,24.375
2009-07-27,24.2917
2009-07-28,24.4583
2009-07-29,24.0833
2009-07-30,23.5
2009-07-31,22.875
2009-08-01,22.6667
2009-08-02,22.875
2009-08-03,23.4167
2009-08-04,23.25
2009-08-05,23.25
2009-08-06,23.8333
2009-08-07,24.7917
2009-08-08,23.5833
2009-08-09,23.625
2009-08-10,24.0417
2009-08-11,24.375
2009-08-12,24.8333
2009-08-13,25.0833
2009-08-14,24.6667
2009-08-15,22.8333
2009-08-16,24.0833
2009-08-17,20.375
2009-08-18,23.5
2009-08-19,23.75
2009-08-20,23.7917
2009-08-21,23.5417
2009-08-22,21.6667
2009-08-23,22.125
2009-08-24,21.7917
2009-08-25,22.1667
2009-08-26,22.5
2009-08-27,23.0833
2009-08-28,23.375
2009-08-29,23.0
2009-08-30,22.6667
2009-08-31,22.5833
2009-09-01,22.2083
2009-09-02,21.2917
2009-09-03,21.9583
2009-09-04,22.5833
2009-09-05,21.5
2009-09-06,22.0833
2009-09-07,22.5
2009-09-08,23.2917
2009-09-09,23.6667
2009-09-10,24.375
2009-09-11,24.875
2009-09-12,22.7083
2009-09-13,24.0
2009-09-14,21.9167
2009-09-15,23.0
2009-09-16,23.4167
2009-09-17,23.2917
2009-09-18,22.0
2009-09-19,22.0
2009-09-20,22.1667
2009-09-21,21.4167
2009-09-22,22.5417
2009-09-23,23.0417
2009-09-24,22.375
2009-09-25,22.5
2009-09-26,22.6667
2009-09-27,21.9167
2009-09-28,22.2917
2009-09-29,20.7083
2009-09-30,21.2917
2009-10-01,20.4167
2009-10-02,20.7917
2009-10-03,21.1667
2009-10-04,21.9167
2009-10-05,21.8333
2009-10-06,21.9583
2009-10-07,21.625
2009-10-08,21.5833
2009-10-09,21.875
2009-10-10,22.5
2009-10-11,22.2083
2009-10-12,21.5833
2009-10-13,21.9167
2009-10-14,21.7083
2009-10-15,21.9167
2009-10-16,22.5
2009-10-17,22.4583
2009-10-18,23.7083
2009-10-19,23.375
2009-10-20,23.0833
2009-10-21,23.0417
2009-10-22,22.4583
2009-10-23,21.625
2009-10-24,22.7083
2009-10-25,21.2083
2009-10-26,22.7083
2009-10-27,21.375
2009-10-28,21.5833
2009-10-29,21.875
2009-10-30,21.625
2009-10-31,21.6667
2009-11-01,22.0833
2009-11-02,21.5833
2009-11-03,21.0
2009-11-04,21.4167
2009-11-05,21.0
2009-11-06,21.5
2009-11-07,20.875
2009-11-08,20.625
2009-11-09,21.25
2009-11-10,20.625
2009-11-11,21.8333
2009-11-12,22.9583
2009-11-13,22.0
2009-11-14,21.4583
2009-11-15,21.2917
2009-11-16,21.4167
2009-11-17,21.625
2009-11-18,21.6667
2009-11-19,21.5417
2009-11-20,20.7917
2009-11-21,21.0833
2009-11-22,21.2917
2009-11-23,20.5417
2009-11-24,20.9167
2009-11-25,20.9167
2009-11-26,21.0833
2009-11-27,20.25
2009-11-28,20.0417
2009-11-29,20.3333
2009-11-30,20.625
2009-12-01,21.0417
2009-12-02,19.6667
2009-12-03,21.5417
2009-12-04,21.1667
2009-12-05,20.3333
2009-12-06,19.3333
2009-12-07,19.375
2009-12-08,19.4167
2009-12-09,19.3333
2009-12-10,19.125
2009-12-11,19.125
2009-12-12,18.7917
2009-12-13,20.75
2009-12-14,20.3333
2009-12-15,20.8333
2009-12-16,20.0833
2009-12-17,19.125
2009-12-18,20.375
2009-12-19,20.4583
2009-12-20,20.0
2009-12-21,19.4583
2009-12-22,19.2917
2009-12-23,19.875
2009-12-24,20.0833
2009-12-25,19.8333
2009-12-26,20.0417
2009-12-27,17.2083
2009-12-28,18.5417
2009-12-29,20.1667
2009-12-30,19.75
2009-12-31,21.3333
2010-01-01,20.6667
2010-01-02,20.0417
2010-01-03,19.6667
2010-01-04,19.5833
2010-01-05,20.125
2010-01-06,20.1667
2010-01-07,19.625
2010-01-08,20.3333
2010-01-09,21.4583
2010-01-10,21.1667
2010-01-11,21.5
2010-01-12,21.625
2010-01-13,21.0417
2010-01-14,21.4167
2010-01-15,20.375
2010-01-16,19.8333
2010-01-17,19.5417
2010-01-18,20.25
2010-01-19,20.0833
2010-01-20,20.5417
2010-01-21,19.6667
2010-01-22,19.0
2010-01-23,18.625
2010-01-24,19.2917
2010-01-25,20.375
2010-01-26,20.5
2010-01-27,20.7917
2010-01-28,21.25
2010-01-29,21.0417
2010-01-30,21.0
2010-01-31,21.9167
2010-02-01,21.4583
2010-02-02,20.625
2010-02-03,20.75
2010-02-04,20.4167
2010-02-05,20.3333
2010-02-06,20.25
2010-02-07,20.5417
2010-02-08,21.5
2010-02-09,22.875
2010-02-10,23.4583
2010-02-11,23.2083
2010-02-12,23.9167
2010-02-13,24.5
2010-02-14,24.8333
2010-02-15,24.7083
2010-02-16,24.0833
2010-02-17,24.2917
2010-02-18,25.4583
2010-02-19,25.625
2010-02-20,25.2083
2010-02-21,25.5
2010-02-22,25.7083
2010-02-23,25.4583
2010-02-24,25.0417
2010-02-25,25.0
2010-02-26,25.4167
2010-02-27,27.0
2010-02-28,25.2917
2010-03-01,24.75
2010-03-02,25.0
2010-03-03,25.625
2010-03-04,26.7083
2010-03-05,27.5417
2010-03-06,26.7917
2010-03-07,28.0
2010-03-08,27.4583
2010-03-09,26.9583
2010-03-10,26.4167
2010-03-11,26.375
2010-03-12,25.625
2010-03-13,26.25
2010-03-14,27.2083
2010-03-15,28.0
2010-03-16,27.0
2010-03-17,26.7917
2010-03-18,25.6667
2010-03-19,25.7917
2010-03-20,26.6667
2010-03-21,26.9583
2010-03-22,26.7083
2010-03-23,27.0
2010-03-24,27.3333
2010-03-25,27.1667
2010-03-26,27.5417
2010-03-27,28.7083
2010-03-28,29.375
2010-03-29,29.4583
2010-03-30,28.8333
2010-03-31,23.0833
2010-04-01,28.125
2010-04-02,30.375
2010-04-03,29.3333
2010-04-04,28.4583
2010-04-05,28.375
2010-04-06,28.8333
2010-04-07,28.75
2010-04-08,27.8333
2010-04-09,29.75
2010-04-10,31.0417
2010-04-11,30.8333
2010-04-12,30.125
2010-04-13,28.875
2010-04-14,28.4167
2010-04-15,29.0417
2010-04-16,29.375
2010-04-17,29.25
2010-04-18,28.875
2010-04-19,28.75
2010-04-20,29.375
2010-04-21,28.4583
2010-04-22,27.875
2010-04-23,28.8333
2010-04-24,29.3333
2010-04-25,29.5417
2010-04-26,27.875
2010-04-27,28.625
2010-04-28,28.375
2010-04-29,29.1667
2010-04-30,26.375
2010-05-01,26.2917
2010-05-02,26.5417
2010-05-03,26.9583
2010-05-04,27.2083
2010-05-05,27.625
2010-05-06,28.7917
2010-05-07,29.5
2010-05-08,29.3333
2010-05-09,29.9167
2010-05-10,30.0417
2010-05-11,29.7083
2010-05-12,30.5
2010-05-13,30.7917
2010-05-14,29.875
2010-05-15,29.4583
2010-05-16,27.375
2010-05-17,29.25
2010-05-18,28.5833
2010-05-19,23.4167
2010-05-20,24.5417
2010-05-21,25.4167
2010-05-22,25.8333
2010-05-23,25.7917
2010-05-24,27.0833
2010-05-25,27.2083
2010-05-26,27.75
2010-05-27,28.2083
2010-05-28,28.375
2010-05-29,27.125
2010-05-30,26.5417
2010-05-31,26.4583
2010-06-01,26.9167
2010-06-02,26.7083
2010-06-03,25.9167
2010-06-04,25.8333
2010-06-05,25.1667
2010-06-06,24.8333
2010-06-07,24.25
2010-06-08,24.6667
2010-06-09,25.0
2010-06-10,24.375
2010-06-11,23.0
2010-06-12,22.9167
2010-06-13,22.5833
2010-06-14,22.5417
2010-06-15,22.4583
2010-06-16,23.3333
2010-06-17,22.8333
2010-06-18,22.0
2010-06-19,22.5833
2010-06-20,22.75
2010-06-21,24.3333
2010-06-22,24.375
2010-06-23,23.4583
2010-06-24,23.5
2010-06-25,22.8333
2010-06-26,24.125
2010-06-27,25.0833
2010-06-28,25.7083
2010-06-29,25.0417
2010-06-30,24.2917
2010-07-01,23.125
2010-07-02,21.25
2010-07-03,22.125
2010-07-04,23.6667
2010-07-05,22.9583
2010-07-06,20.5833
2010-07-07,21.2083
2010-07-08,21.7083
2010-07-09,23.8333
2010-07-10,24.6667
2010-07-11,24.4583
2010-07-12,23.625
2010-07-13,22.7917
2010-07-14,20.0833
2010-07-15,22.5833
2010-07-16,21.9583
2010-07-17,22.5
2010-07-18,22.9583
2010-07-19,22.3333
2010-07-20,21.5
2010-07-21,22.125
2010-07-22,22.5417
2010-07-23,22.7083
2010-07-24,22.25
2010-07-25,21.125
2010-07-26,22.0417
2010-07-27,23.5
2010-07-28,22.6667
2010-07-29,20.5
2010-07-30,21.8333
2010-07-31,22.5833
2010-08-01,23.3333
2010-08-02,22.9583
2010-08-03,23.2917
2010-08-04,22.875
2010-08-05,23.375
2010-08-06,23.375
2010-08-07,23.7083
2010-08-08,24.2917
2010-08-09,24.25
2010-08-10,24.4583
2010-08-11,24.125
2010-08-12,24.4167
2010-08-13,23.875
2010-08-14,24.1667
2010-08-15,23.9167
2010-08-16,23.5
2010-08-17,23.0417
2010-08-18,22.5
2010-08-19,23.5
2010-08-20,23.3333
2010-08-21,22.75
2010-08-22,22.0417
2010-08-23,22.9167
2010-08-24,21.3333
2010-08-25,20.7917
2010-08-26,21.625
2010-08-27,22.4167
2010-08-28,23.1667
2010-08-29,22.8333
2010-08-30,21.4583
2010-08-31,21.8333
2010-09-01,22.25
2010-09-02,23.0
2010-09-03,22.375
2010-09-04,22.375
2010-09-05,23.0417
2010-09-06,22.5833
2010-09-07,22.8333
2010-09-08,23.0
2010-09-09,22.7083
2010-09-10,23.3333
2010-09-11,21.2083
2010-09-12,23.375
2010-09-13,22.6667
2010-09-14,22.625
2010-09-15,22.4167
2010-09-16,22.75
2010-09-17,22.375
2010-09-18,22.5417
2010-09-19,22.75
2010-09-20,23.5
2010-09-21,23.7083
2010-09-22,24.5417
2010-09-23,24.375
2010-09-24,24.375
2010-09-25,23.625
2010-09-26,23.3333
2010-09-27,22.75
2010-09-28,22.8333
2010-09-29,23.2917
2010-09-30,23.375
2010-10-01,23.25
2010-10-02,23.4167
2010-10-03,23.3333
2010-10-04,22.8333
2010-10-05,23.5
2010-10-06,22.9167
2010-10-07,22.25
2010-10-08,22.6667
2010-10-09,22.4583
2010-10-10,22.3333
2010-10-11,21.9583
2010-10-12,22.125
2010-10-13,21.875
2010-10-14,21.8333
2010-10-15,21.5
2010-10-16,20.7917
2010-10-17,21.2083
2010-10-18,21.625
2010-10-19,22.4167
2010-10-20,22.5417
2010-10-21,22.5417
2010-10-22,21.9167
2010-10-23,21.75
2010-10-24,21.7083
2010-10-25,22.625
2010-10-26,23.2083
2010-10-27,21.7083
2010-10-28,22.5417
2010-10-29,22.125
2010-10-30,21.8333
2010-10-31,21.125
2010-11-01,21.625
2010-11-02,21.0417
2010-11-03,22.0417
2010-11-04,22.5
2010-11-05,21.9583
2010-11-06,21.2917
2010-11-07,19.0417
2010-11-08,20.1667
2010-11-09,21.875
2010-11-10,22.8333
2010-11-11,21.9583
2010-11-12,22.0
2010-11-13,22.2917
2010-11-14,22.25
2010-11-15,21.9167
2010-11-16,21.7917
2010-11-17,21.4167
2010-11-18,21.5833
2010-11-19,21.4583
2010-11-20,21.0417
2010-11-21,20.8333
2010-11-22,21.6667
2010-11-23,22.1667
2010-11-24,21.4167
2010-11-25,20.7083
2010-11-26,18.8333
2010-11-27,19.4167
2010-11-28,20.25
2010-11-29,20.4583
2010-11-30,20.5833
2010-12-01,20.5417
2010-12-02,20.875
2010-12-03,20.3333
2010-12-04,19.3333
2010-12-05,18.2917
2010-12-06,18.9167
2010-12-07,19.125
2010-12-08,20.5
2010-12-09,21.1667
2010-12-10,20.9167
2010-12-11,21.2917
2010-12-12,20.5
2010-12-13,21.5833
2010-12-14,21.6667
2010-12-15,21.2917
2010-12-16,20.625
2010-12-17,19.9583
2010-12-18,19.75
2010-12-19,19.0417
2010-12-20,18.8333
2010-12-21,19.2083
2010-12-22,18.25
2010-12-23,17.75
2010-12-24,17.9167
2010-12-25,18.6667
2010-12-26,19.0833
2010-12-27,18.8333
2010-12-28,19.2917
2010-12-29,20.125
2010-12-30,20.7083
2010-12-31,21.25
2011-01-01,21.4167
2011-01-02,21.5
2011-01-03,20.9167
2011-01-04,20.4583
2011-01-05,20.8333
2011-01-06,20.5833
2011-01-07,21.0
2011-01-08,21.0833
2011-01-09,20.7917
2011-01-10,20.5417
2011-01-11,19.5417
2011-01-12,18.9167
2011-01-13,19.625
2011-01-14,19.9583
2011-01-15,19.9167
2011-01-16,21.5
2011-01-17,22.2083
2011-01-18,21.5417
2011-01-19,20.625
2011-01-20,21.0417
2011-01-21,20.9167
2011-01-22,20.375
2011-01-23,20.3333
2011-01-24,19.75
2011-01-25,19.7083
2011-01-26,19.9167
2011-01-27,20.375
2011-01-28,20.8333
2011-01-29,21.125
2011-01-30,20.9583
2011-01-31,21.25
2011-02-01,20.875
2011-02-02,20.5
2011-02-03,21.0
2011-02-04,20.75
2011-02-05,21.375
2011-02-06,21.0
2011-02-07,21.4167
2011-02-08,21.625
2011-02-09,21.4167
2011-02-10,21.125
2011-02-11,21.0417
2011-02-12,20.9583
2011-02-13,20.9167
2011-02-14,21.0833
2011-02-15,21.875
2011-02-16,22.9583
2011-02-17,24.5833
2011-02-18,24.1667
2011-02-19,24.3333
2011-02-20,24.375
2011-02-21,24.5833
2011-02-22,22.2917
2011-02-23,21.8333
2011-02-24,22.5417
2011-02-25,23.0417
2011-02-26,23.2917
2011-02-27,24.5
2011-02-28,22.2917
2011-03-01,22.2917
2011-03-02,22.6667
2011-03-03,24.7083
2011-03-04,25.0
2011-03-05,25.25
2011-03-06,25.2083
2011-03-07,24.7917
2011-03-08,25.625
2011-03-09,27.125
2011-03-10,26.875
2011-03-11,26.1667
2011-03-12,25.0417
2011-03-13,25.2083
2011-03-14,25.25
2011-03-15,25.2917
2011-03-16,25.25
2011-03-17,24.1667
2011-03-18,23.2083
2011-03-19,23.875
2011-03-20,25.6667
2011-03-21,27.0417
2011-03-22,27.7917
2011-03-23,27.3333
2011-03-24,28.0833
2011-03-25,27.7083
2011-03-26,26.9167
2011-03-27,26.5833
2011-03-28,26.8333
2011-03-29,28.3333
2011-03-30,28.0
2011-03-31,29.25
2011-04-01,28.0417
2011-04-02,27.75
2011-04-03,27.125
2011-04-04,28.3333
2011-04-05,26.4167
2011-04-06,26.1667
2011-04-07,26.5833
2011-04-08,26.7917
2011-04-09,27.6667
2011-04-10,27.2917
2011-04-11,27.5417
2011-04-12,27.2917
2011-04-13,28.4583
2011-04-14,28.0417
2011-04-15,27.7083
2011-04-16,27.7917
2011-04-17,27.9583
2011-04-18,27.9583
2011-04-19,28.125
2011-04-20,27.0833
2011-04-21,25.375
2011-04-22,22.8333
2011-04-23,23.7083
2011-04-24,24.9583
2011-04-25,25.75
2011-04-26,26.0833
2011-04-27,26.6667
2011-04-28,26.3333
2011-04-29,27.2083
2011-04-30,27.625
2011-05-01,28.1667
2011-05-02,28.2917
2011-05-03,26.7917
2011-05-04,26.8333
2011-05-05,27.9583
2011-05-06,28.0417
2011-05-07,27.4167
2011-05-08,27.0417
2011-05-09,27.6667
2011-05-10,27.4583
2011-05-11,28.8333
2011-05-12,28.0833
2011-05-13,28.6667
2011-05-14,26.7083
2011-05-15,26.875
2011-05-16,29.0
2011-05-17,28.75
2011-05-18,27.6667
2011-05-19,27.75
2011-05-20,26.9583
2011-05-21,26.7083
2011-05-22,26.5833
2011-05-23,26.625
2011-05-24,28.0833
2011-05-25,27.4583
2011-05-26,27.2083
2011-05-27,26.5
2011-05-28,26.2083
2011-05-29,26.5833
2011-05-30,26.375
2011-05-31,26.0833
2011-06-01,26.6667
2011-06-02,23.7083
2011-06-03,21.4167
2011-06-04,23.2917
2011-06-05,23.4167
2011-06-06,23.5833
2011-06-07,25.5417
2011-06-08,25.375
2011-06-09,24.7917
2011-06-10,24.4167
2011-06-11,25.125
2011-06-12,26.1667
2011-06-13,24.75
2011-06-14,23.875
2011-06-15,22.7917
2011-06-16,24.125
2011-06-17,23.7083
2011-06-18,23.9167
2011-06-19,23.75
2011-06-20,24.25
2011-06-21,25.0
2011-06-22,24.8333
2011-06-23,24.5417
2011-06-24,24.5
2011-06-25,24.375
2011-06-26,24.375
2011-06-27,24.375
2011-06-28,22.7083
2011-06-29,24.8333
2011-06-30,25.2917
2011-07-01,24.875
2011-07-02,22.3333
2011-07-03,23.0417
2011-07-04,24.0
2011-07-05,23.5417
2011-07-06,23.0833
2011-07-07,23.5
2011-07-08,24.6667
2011-07-09,25.0417
2011-07-10,25.2083
2011-07-11,24.375
2011-07-12,23.8333
2011-07-13,23.2083
2011-07-14,23.0417
2011-07-15,23.2083
2011-07-16,22.4583
2011-07-17,24.0
2011-07-18,23.6667
2011-07-19,23.875
2011-07-20,23.6667
2011-07-21,23.625
2011-07-22,23.9583
2011-07-23,23.2083
2011-07-24,23.6667
2011-07-25,23.9167
2011-07-26,23.9167
2011-07-27,23.875
2011-07-28,23.9583
2011-07-29,23.7917
2011-07-30,23.1667
2011-07-31,23.5833
2011-08-01,24.25
2011-08-02,22.8333
2011-08-03,22.2083
2011-08-04,21.6667
2011-08-05,23.5
2011-08-06,24.0417
2011-08-07,23.7917
2011-08-08,24.0417
2011-08-09,24.375
2011-08-10,24.2917
2011-08-11,24.1667
2011-08-12,22.875
2011-08-13,23.875
2011-08-14,23.9167
2011-08-15,24.5
2011-08-16,23.625
2011-08-17,22.7917
2011-08-18,20.9583
2011-08-19,21.0417
2011-08-20,21.9167
2011-08-21,22.5833
2011-08-22,23.2917
2011-08-23,23.5833
2011-08-24,23.7917
2011-08-25,22.9167
2011-08-26,23.4167
2011-08-27,22.625
2011-08-28,23.3333
2011-08-29,22.0833
2011-08-30,22.5833
2011-08-31,22.625
2011-09-01,21.0
2011-09-02,22.2917
2011-09-03,22.2917
2011-09-04,22.9583
2011-09-05,23.4167
2011-09-06,23.3333
2011-09-07,23.4583
2011-09-08,23.375
2011-09-09,23.2083
2011-09-10,23.5417
2011-09-11,23.3333
2011-09-12,23.2917
2011-09-13,23.0417
2011-09-14,22.625
2011-09-15,21.5833
2011-09-16,22.9167
2011-09-17,23.4583
2011-09-18,22.875
2011-09-19,23.0417
2011-09-20,22.625
2011-09-21,22.5833
2011-09-22,22.7917
2011-09-23,22.5833
2011-09-24,22.75
2011-09-25,23.375
2011-09-26,24.4583
2011-09-27,24.375
2011-09-28,24.125
2011-09-29,23.5
2011-09-30,23.5833
2011-10-01,23.375
2011-10-02,23.0417
2011-10-03,22.7083
2011-10-04,22.5833
2011-10-05,23.9167
2011-10-06,24.2083
2011-10-07,23.625
2011-10-08,23.375
2011-10-09,23.0833
2011-10-10,23.25
2011-10-11,23.4583
2011-10-12,22.25
2011-10-13,22.9167
2011-10-14,23.0
2011-10-15,23.8333
2011-10-16,23.5833
2011-10-17,22.875
2011-10-18,22.9583
2011-10-19,23.0
2011-10-20,22.9583
2011-10-21,22.6667
2011-10-22,22.9583
2011-10-23,22.5
2011-10-24,22.4583
2011-10-25,21.9167
2011-10-26,21.4167
2011-10-27,22.125
2011-10-28,22.1667
2011-10-29,21.75
2011-10-30,21.6667
2011-10-31,21.6667
2011-11-01,21.9583
2011-11-02,21.8333
2011-11-03,21.7917
2011-11-04,21.5417
2011-11-05,21.9583
2011-11-06,22.125
2011-11-07,20.4583
2011-11-08,19.5833
2011-11-09,19.1667
2011-11-10,18.9583
2011-11-11,20.0417
2011-11-12,20.625
2011-11-13,20.2917
2011-11-14,20.4167
2011-11-15,20.0833
2011-11-16,20.0417
2011-11-17,20.6667
2011-11-18,20.7917
2011-11-19,19.625
2011-11-20,18.625
2011-11-21,19.125
2011-11-22,19.125
2011-11-23,20.0417
2011-11-24,20.2083
2011-11-25,21.5
2011-11-26,20.75
2011-11-27,21.5833
2011-11-28,22.25
2011-11-29,22.1667
2011-11-30,22.0
2011-12-01,21.9167
2011-12-02,21.8333
2011-12-03,21.5
2011-12-04,21.0417
2011-12-05,20.4583
2011-12-06,20.1667
2011-12-07,19.4167
2011-12-08,19.5
2011-12-09,20.8333
2011-12-10,21.8333
2011-12-11,21.3333
2011-12-12,20.9583
2011-12-13,20.1667
2011-12-14,20.0833
2011-12-15,20.7083
2011-12-16,19.4583
2011-12-17,18.3333
2011-12-18,18.3333
2011-12-19,19.375
2011-12-20,18.5417
2011-12-21,18.5
2011-12-22,18.0417
2011-12-23,17.75
2011-12-24,18.7917
2011-12-25,18.5833
2011-12-26,19.0833
2011-12-27,19.9167
2011-12-28,20.125
2011-12-29,21.0833
2011-12-30,19.75
2011-12-31,19.2083
2012-01-01,20.4583
2012-01-02,21.25
2012-01-03,22.0833
2012-01-04,22.7083
2012-01-05,22.3333
2012-01-06,21.7917
2012-01-07,20.5
2012-01-08,20.9167
2012-01-09,20.875
2012-01-10,21.9167
2012-01-11,22.125
2012-01-12,21.0833
2012-01-13,20.2917
2012-01-14,19.875
2012-01-15,18.1667
2012-01-16,18.25
2012-01-17,19.8333
2012-01-18,20.75
2012-01-19,21.4167
2012-01-20,21.7083
2012-01-21,20.7917
2012-01-22,20.3333
2012-01-23,19.8333
2012-01-24,19.2083
2012-01-25,19.2083
2012-01-26,19.25
2012-01-27,20.25
2012-01-28,21.0417
2012-01-29,21.125
2012-01-30,20.5417
2012-01-31,20.7917
2012-02-01,20.0833
2012-02-02,20.2083
2012-02-03,20.4167
2012-02-04,21.2917
2012-02-05,22.1667
2012-02-06,22.625
2012-02-07,23.0
2012-02-08,23.75
2012-02-09,24.0417
2012-02-10,24.0833
2012-02-11,23.5
2012-02-12,23.5417
2012-02-13,22.9167
2012-02-14,22.9583
2012-02-15,24.0
2012-02-16,25.25
2012-02-17,24.375
2012-02-18,23.1667
2012-02-19,22.9167
2012-02-20,23.875
2012-02-21,24.6667
2012-02-22,24.125
2012-02-23,23.75
2012-02-24,23.8333
2012-02-25,23.625
2012-02-26,23.9167
2012-02-27,24.2083
2012-02-28,25.4167
2012-02-29,25.9583
2012-03-01,27.7083
2012-03-02,26.8333
2012-03-03,25.7917
2012-03-04,25.625
2012-03-05,25.75
2012-03-06,26.5417
2012-03-07,27.125
2012-03-08,25.9583
2012-03-09,25.8333
2012-03-10,25.5417
2012-03-11,24.875
2012-03-12,24.5
2012-03-13,25.0833
2012-03-14,25.7083
2012-03-15,26.0
2012-03-16,26.4583
2012-03-17,27.2917
2012-03-18,27.5417
2012-03-19,28.125
2012-03-20,28.3333
2012-03-21,28.5833
2012-03-22,28.0
2012-03-23,27.7917
2012-03-24,27.0833
2012-03-25,26.6667
2012-03-26,25.75
2012-03-27,25.4583
2012-03-28,26.375
2012-03-29,27.5833
2012-03-30,28.0833
2012-03-31,28.0833
2012-04-01,26.6667
2012-04-02,26.875
2012-04-03,27.2917
2012-04-04,28.0833
2012-04-05,28.8333
2012-04-06,27.875
2012-04-07,29.0
2012-04-08,28.4583
2012-04-09,28.625
2012-04-10,29.6667
2012-04-11,28.9583
2012-04-12,29.4167
2012-04-13,28.875
2012-04-14,28.3333
2012-04-15,27.875
2012-04-16,29.9583
2012-04-17,30.8333
2012-04-18,29.9167
2012-04-19,30.375
2012-04-20,29.7917
2012-04-21,29.9583
2012-04-22,30.2083
2012-04-23,30.25
2012-04-24,29.125
2012-04-25,25.5833
2012-04-26,25.7083
2012-04-27,25.7083
2012-04-28,24.875
2012-04-29,26.5417
2012-04-30,26.6667
2012-05-01,26.2917
2012-05-02,27.0833
2012-05-03,27.375
2012-05-04,27.3333
2012-05-05,27.2917
2012-05-06,27.7917
2012-05-07,28.125
2012-05-08,27.0833
2012-05-09,27.8333
2012-05-10,26.7917
2012-05-11,26.6667
2012-05-12,25.4583
2012-05-13,26.5833
2012-05-14,27.9167
2012-05-15,27.75
2012-05-16,23.0
2012-05-17,26.75
2012-05-18,28.5417
2012-05-19,28.375
2012-05-20,28.625
2012-05-21,28.6667
2012-05-22,28.2083
2012-05-23,28.75
2012-05-24,28.1667
2012-05-25,23.3333
2012-05-26,26.9167
2012-05-27,27.375
2012-05-28,28.25
2012-05-29,27.2083
2012-05-30,27.4583
2012-05-31,27.75
2012-06-01,27.625
2012-06-02,28.2083
2012-06-03,27.9167
2012-06-04,27.5417
2012-06-05,26.1667
2012-06-06,25.0417
2012-06-07,25.3333
2012-06-08,26.1667
2012-06-09,26.0417
2012-06-10,26.2917
2012-06-11,26.0833
2012-06-12,24.7917
2012-06-13,24.875
2012-06-14,25.0833
2012-06-15,25.125
2012-06-16,24.5417
2012-06-17,23.0833
2012-06-18,21.0
2012-06-19,22.375
2012-06-20,23.6667
2012-06-21,24.2083
2012-06-22,24.25
2012-06-23,25.1667
2012-06-24,25.4583
2012-06-25,25.0417
2012-06-26,24.6667
2012-06-27,23.7083
2012-06-28,23.2083
2012-06-29,22.3333
2012-06-30,23.7083
2012-07-01,23.1667
2012-07-02,22.7083
2012-07-03,23.3333
2012-07-04,24.6667
2012-07-05,26.2917
2012-07-06,27.0417
2012-07-07,26.9167
2012-07-08,25.1667
2012-07-09,24.7083
2012-07-10,23.2083
2012-07-11,24.5
2012-07-12,25.0417
2012-07-13,24.9583
2012-07-14,24.7917
2012-07-15,23.5833
2012-07-16,24.1667
2012-07-17,23.7083
2012-07-18,22.875
2012-07-19,24.125
2012-07-20,23.7917
2012-07-21,23.2917
2012-07-22,23.625
2012-07-23,23.875
2012-07-24,24.6667
2012-07-25,24.2083
2012-07-26,23.6667
2012-07-27,22.4167
2012-07-28,23.5417
2012-07-29,24.75
2012-07-30,23.6667
2012-07-31,23.875
2012-08-01,24.4583
2012-08-02,24.0833
2012-08-03,23.4583
2012-08-04,23.5
2012-08-05,23.5417
2012-08-06,22.7917
2012-08-07,23.9583
2012-08-08,23.7083
2012-08-09,23.0
2012-08-10,23.0
2012-08-11,23.625
2012-08-12,23.5417
2012-08-13,24.1667
2012-08-14,25.0833
2012-08-15,24.625
2012-08-16,24.4583
2012-08-17,23.3333
2012-08-18,23.3333
2012-08-19,23.6667
2012-08-20,24.8333
2012-08-21,24.625
2012-08-22,24.75
2012-08-23,25.7083
2012-08-24,24.5833
2012-08-25,24.375
2012-08-26,20.5417
2012-08-27,20.4583
2012-08-28,22.7083
2012-08-29,22.5
2012-08-30,21.375
2012-08-31,22.5
2012-09-01,22.1667
2012-09-02,23.5
2012-09-03,22.7083
2012-09-04,23.9583
2012-09-05,24.875
2012-09-06,24.125
2012-09-07,23.9583
2012-09-08,23.0833
2012-09-09,22.25
2012-09-10,23.0833
2012-09-11,23.4167
2012-09-12,23.2917
2012-09-13,23.5
2012-09-14,23.6667
2012-09-15,23.3333
2012-09-16,23.125
2012-09-17,23.0
2012-09-18,23.4167
2012-09-19,24.0833
2012-09-20,24.2083
2012-09-21,24.9583
2012-09-22,24.4583
2012-09-23,24.4583
2012-09-24,24.2083
2012-09-25,23.875
2012-09-26,24.2917
2012-09-27,23.9167
2012-09-28,23.75
2012-09-29,23.375
2012-09-30,23.25
2012-10-01,21.2917
2012-10-02,22.8333
2012-10-03,21.8333
2012-10-04,22.25
2012-10-05,23.2083
2012-10-06,23.9583
2012-10-07,21.375
2012-10-08,23.4583
2012-10-09,22.7083
2012-10-10,22.9583
2012-10-11,23.25
2012-10-12,23.0833
2012-10-13,23.4167
2012-10-14,23.9167
2012-10-15,23.2083
2012-10-16,23.3333
2012-10-17,22.7083
2012-10-18,22.3333
2012-10-19,21.9583
2012-10-20,22.0
2012-10-21,21.8333
2012-10-22,22.25
2012-10-23,21.7917
2012-10-24,21.8333
2012-10-25,22.4167
2012-10-26,22.375
2012-10-27,21.7917
2012-10-28,21.375
2012-10-29,21.4167
2012-10-30,20.6667
2012-10-31,18.5417
2012-11-01,18.5833
2012-11-02,20.5417
2012-11-03,21.7083
2012-11-04,22.2917
2012-11-05,22.75
2012-11-06,22.4167
2012-11-07,22.3333
2012-11-08,22.4583
2012-11-09,22.5
2012-11-10,22.125
2012-11-11,21.625
2012-11-12,21.2083
2012-11-13,20.2917
2012-11-14,18.9583
2012-11-15,18.4583
2012-11-16,18.9583
2012-11-17,19.2917
2012-11-18,19.375
2012-11-19,19.9583
2012-11-20,22.5417
2012-11-21,22.7083
2012-11-22,22.375
2012-11-23,22.2083
2012-11-24,21.8333
2012-11-25,21.75
2012-11-26,21.5833
2012-11-27,20.8333
2012-11-28,20.125
2012-11-29,19.1667
2012-11-30,19.7083
2012-12-01,20.0833
2012-12-02,20.0833
2012-12-03,19.8333
2012-12-04,20.1667
2012-12-05,22.25
2012-12-06,21.5
2012-12-07,21.1667
2012-12-08,20.9583
2012-12-09,20.7083
2012-12-10,20.875
2012-12-11,20.9167
2012-12-12,21.375
2012-12-13,21.6667
2012-12-14,20.6667
2012-12-15,19.5
2012-12-16,19.25
2012-12-17,19.8333
2012-12-18,20.0833
2012-12-19,20.2083
2012-12-20,20.7083
2012-12-21,20.6667
2012-12-22,20.4167
2012-12-23,20.2917
2012-12-24,20.75
2012-12-25,20.6667
2012-12-26,20.5
2012-12-27,20.7083
2012-12-28,21.5833
2012-12-29,22.9583
2012-12-30,23.4167
2012-12-31,22.75
2013-01-01,22.1667
2013-01-02,22.0417
2013-01-03,22.7917
2013-01-04,23.2083
2013-01-05,23.0833
2013-01-06,23.25
2013-01-07,22.5
2013-01-08,22.8333
2013-01-09,22.4583
2013-01-10,22.0
2013-01-11,21.4167
2013-01-12,21.2083
2013-01-13,21.4167
2013-01-14,21.375
2013-01-15,20.9583
2013-01-16,20.5
2013-01-17,20.0417
2013-01-18,20.5833
2013-01-19,21.125
2013-01-20,21.5417
2013-01-21,22.0833
2013-01-22,21.0833
2013-01-23,20.7917
2013-01-24,20.6667
2013-01-25,20.5833
2013-01-26,20.6667
2013-01-27,21.0
2013-01-28,21.4167
2013-01-29,22.1667
2013-01-30,22.1667
2013-01-31,21.4167
2013-02-01,20.875
2013-02-02,20.7083
2013-02-03,21.0417
2013-02-04,21.8333
2013-02-05,22.6667
2013-02-06,23.4583
2013-02-07,24.6667
2013-02-08,25.25
2013-02-09,24.2083
2013-02-10,22.5
2013-02-11,21.7917
2013-02-12,23.1667
2013-02-13,23.375
2013-02-14,22.4583
2013-02-15,20.125
2013-02-16,21.9167
2013-02-17,23.5833
2013-02-18,23.4583
2013-02-19,23.7083
2013-02-20,23.1667
2013-02-21,23.0417
2013-02-22,22.7083
2013-02-23,22.875
2013-02-24,23.25
2013-02-25,22.8333
2013-02-26,23.125
2013-02-27,23.5
2013-02-28,24.2917
2013-03-01,24.25
2013-03-02,24.4167
2013-03-03,24.5
2013-03-04,24.4167
2013-03-05,24.8333
2013-03-06,23.9583
2013-03-07,24.1667
2013-03-08,25.0833
2013-03-09,25.75
2013-03-10,26.4583
2013-03-11,26.5833
2013-03-12,27.0833
2013-03-13,27.0417
2013-03-14,26.0833
2013-03-15,25.5
2013-03-16,25.2917
2013-03-17,26.2083
2013-03-18,26.4167
2013-03-19,27.0417
2013-03-20,27.2083
2013-03-21,27.3333
2013-03-22,28.375
2013-03-23,27.375
2013-03-24,27.0
2013-03-25,28.6667
2013-03-26,29.5833
2013-03-27,29.875
2013-03-28,28.9583
2013-03-29,29.3333
2013-03-30,30.3333
2013-03-31,29.2083
2013-04-01,29.4583
2013-04-02,28.8333
2013-04-03,29.0417
2013-04-04,29.8333
2013-04-05,30.1667
2013-04-06,29.375
2013-04-07,30.0
2013-04-08,29.0
2013-04-09,29.375
2013-04-10,29.0
2013-04-11,29.25
2013-04-12,29.0417
2013-04-13,28.5
2013-04-14,30.375
2013-04-15,28.9167
2013-04-16,28.9167
2013-04-17,30.0833
2013-04-18,29.25
2013-04-19,28.25
2013-04-20,28.875
2013-04-21,29.1667
2013-04-22,28.0417
2013-04-23,28.5
2013-04-24,28.7083
2013-04-25,28.1667
2013-04-26,28.25
2013-04-27,28.5833
2013-04-28,28.875
2013-04-29,28.75
2013-04-30,29.75
2013-05-01,28.9167
2013-05-02,30.0833
2013-05-03,29.4167
2013-05-04,28.875
2013-05-05,28.9167
2013-05-06,29.9583
2013-05-07,30.125
2013-05-08,30.4583
2013-05-09,30.1667
2013-05-10,29.9167
2013-05-11,29.5833
2013-05-12,28.25
2013-05-13,28.2917
2013-05-14,26.8333
2013-05-15,27.9583
2013-05-16,29.25
2013-05-17,30.2917
2013-05-18,29.9167
2013-05-19,30.3333
2013-05-20,29.5
2013-05-21,29.0
2013-05-22,28.2083
2013-05-23,28.25
2013-05-24,27.875
2013-05-25,27.25
2013-05-26,25.7917
2013-05-27,26.5417
2013-05-28,26.2917
2013-05-29,25.0417
2013-05-30,25.0417
2013-05-31,24.4583
2013-06-01,23.25
2013-06-02,21.9583
2013-06-03,21.9583
2013-06-04,24.1667
2013-06-05,25.375
2013-06-06,25.0
2013-06-07,24.1667
2013-06-08,23.5833
2013-06-09,23.9583
2013-06-10,24.5833
2013-06-11,23.5
2013-06-12,22.2917
2013-06-13,23.7083
2013-06-14,23.7083
2013-06-15,24.1667
2013-06-16,24.4167
2013-06-17,23.6667
2013-06-18,23.0417
2013-06-19,24.1667
2013-06-20,24.4167
2013-06-21,24.8333
2013-06-22,24.5833
2013-06-23,23.9583
2013-06-24,23.4583
2013-06-25,24.25
2013-06-26,24.5833
2013-06-27,24.5417
2013-06-28,25.0
2013-06-29,23.4167
2013-06-30,24.125
2013-07-01,24.5
2013-07-02,23.4167
2013-07-03,23.875
2013-07-04,24.4167
2013-07-05,25.0
2013-07-06,25.0
2013-07-07,23.7917
2013-07-08,23.875
2013-07-09,23.6667
2013-07-10,23.6667
2013-07-11,22.875
2013-07-12,23.25
2013-07-13,23.5833
2013-07-14,24.4583
2013-07-15,24.7083
2013-07-16,24.3333
2013-07-17,23.0417
2013-07-18,22.4583
2013-07-19,22.125
2013-07-20,22.75
2013-07-21,22.3333
2013-07-22,22.5417
2013-07-23,21.7917
2013-07-24,21.1667
2013-07-25,22.5833
2013-07-26,22.3333
2013-07-27,23.0417
2013-07-28,23.7083
2013-07-29,22.5833
2013-07-30,22.2083
2013-07-31,22.4167
2013-08-01,21.4167
2013-08-02,22.9583
2013-08-03,23.5
2013-08-04,23.5833
2013-08-05,23.0833
2013-08-06,22.8333
2013-08-07,23.2917
2013-08-08,23.9583
2013-08-09,23.875
2013-08-10,24.0417
2013-08-11,24.5
2013-08-12,23.875
2013-08-13,24.0833
2013-08-14,23.1667
2013-08-15,22.5833
2013-08-16,22.75
2013-08-17,21.5
2013-08-18,23.0
2013-08-19,22.375
2013-08-20,23.125
2013-08-21,22.875
2013-08-22,22.75
2013-08-23,23.0833
2013-08-24,23.1667
2013-08-25,23.7917
2013-08-26,24.3333
2013-08-27,24.4583
2013-08-28,24.6667
2013-08-29,24.625
2013-08-30,25.1667
2013-08-31,25.5417
2013-09-01,25.75
2013-09-02,25.75
2013-09-03,23.75
2013-09-04,23.2917
2013-09-05,23.1667
2013-09-06,22.5417
2013-09-07,22.4583
2013-09-08,22.2083
2013-09-09,22.1667
2013-09-10,22.6667
2013-09-11,22.4583
2013-09-12,22.625
2013-09-13,23.1667
2013-09-14,23.4583
2013-09-15,23.3333
2013-09-16,23.6667
2013-09-17,23.0833
2013-09-18,21.9167
2013-09-19,22.8333
2013-09-20,22.125
2013-09-21,21.4167
2013-09-22,22.2083
2013-09-23,22.5417
2013-09-24,22.7083
2013-09-25,23.0833
2013-09-26,23.5
2013-09-27,23.9583
2013-09-28,24.0833
2013-09-29,23.0417
2013-09-30,22.4167
2013-10-01,22.875
2013-10-02,22.5833
2013-10-03,22.875
2013-10-04,22.5833
2013-10-05,22.125
2013-10-06,23.0417
2013-10-07,23.4167
2013-10-08,23.3333
2013-10-09,22.625
2013-10-10,22.5833
2013-10-11,22.8333
2013-10-12,22.1667
2013-10-13,22.7083
2013-10-14,23.0
2013-10-15,23.25
2013-10-16,23.4167
2013-10-17,23.3333
2013-10-18,22.9583
2013-10-19,22.4583
2013-10-20,21.125
2013-10-21,20.1667
2013-10-22,19.4583
2013-10-23,21.4583
2013-10-24,22.4167
2013-10-25,22.25
2013-10-26,22.4167
2013-10-27,22.4583
2013-10-28,22.2917
2013-10-29,22.9583
2013-10-30,22.3333
2013-10-31,22.2083
2013-11-01,22.375
2013-11-02,23.0417
2013-11-03,21.875
2013-11-04,21.9583
2013-11-05,21.1667
2013-11-06,20.9583
2013-11-07,21.375
2013-11-08,21.2083
2013-11-09,20.4167
2013-11-10,20.5
2013-11-11,20.7917
2013-11-12,20.75
2013-11-13,20.9167
2013-11-14,20.375
2013-11-15,19.2083
2013-11-16,18.3333
2013-11-17,21.0
2013-11-18,21.125
2013-11-19,21.125
2013-11-20,20.8333
2013-11-21,20.8333
2013-11-22,21.2083
2013-11-23,21.9583
2013-11-24,21.7917
2013-11-25,21.8333
2013-11-26,22.2917
2013-11-27,22.0833
2013-11-28,20.125
2013-11-29,20.6667
2013-11-30,21.4167
2013-12-01,21.7917
2013-12-02,21.4167
2013-12-03,20.5
2013-12-04,19.9583
2013-12-05,19.7083
2013-12-06,19.5417
2013-12-07,19.4583
2013-12-08,20.2917
2013-12-09,20.0
2013-12-10,19.5
2013-12-11,20.0833
2013-12-12,20.5833
2013-12-13,21.1667
2013-12-14,22.0417
2013-12-15,21.25
2013-12-16,18.875
2013-12-17,18.3333
2013-12-18,18.2917
2013-12-19,19.0417
2013-12-20,19.5417
2013-12-21,19.375
2013-12-22,18.9583
2013-12-23,19.2083
2013-12-24,18.875
2013-12-25,19.4583
2013-12-26,19.2917
2013-12-27,18.8333
2013-12-28,19.2917
2013-12-29,18.9167
2013-12-30,18.7083
2013-12-31,18.875
2014-01-01,18.9167
2014-01-02,19.875
2014-01-03,20.0833
2014-01-04,20.375
2014-01-05,20.7083
2014-01-06,21.4583
2014-01-07,20.5417
2014-01-08,19.8333
2014-01-09,20.4167
2014-01-10,20.875
2014-01-11,21.0833
2014-01-12,21.375
2014-01-13,21.5
2014-01-14,21.25
2014-01-15,21.0
2014-01-16,21.3333
2014-01-17,21.25
2014-01-18,20.9583
2014-01-19,20.9167
2014-01-20,21.0417
2014-01-21,19.6667
2014-01-22,19.875
2014-01-23,20.5417
2014-01-24,21.75
2014-01-25,20.875
2014-01-26,20.2083
2014-01-27,19.75
2014-01-28,20.2083
2014-01-29,20.625
2014-01-30,21.0
2014-01-31,21.375
2014-02-01,21.25
2014-02-02,22.0417
2014-02-03,22.1667
2014-02-04,22.5833
2014-02-05,22.75
2014-02-06,22.7083
2014-02-07,22.2083
2014-02-08,22.2083
2014-02-09,23.0833
2014-02-10,23.4583
2014-02-11,23.4583
2014-02-12,23.0833
2014-02-13,23.375
2014-02-14,24.25
2014-02-15,24.7083
2014-02-16,25.125
2014-02-17,25.0
2014-02-18,23.5
2014-02-19,22.7917
2014-02-20,22.9583
2014-02-21,24.2083
2014-02-22,24.1667
2014-02-23,23.0
2014-02-24,22.2083
2014-02-25,22.5417
2014-02-26,22.9583
2014-02-27,23.9583
2014-02-28,24.3333
2014-03-01,23.5417
2014-03-02,24.75
2014-03-03,23.125
2014-03-04,22.5833
2014-03-05,22.625
2014-03-06,23.4583
2014-03-07,22.9167
2014-03-08,23.25
2014-03-09,23.3333
2014-03-10,23.3333
2014-03-11,23.2917
2014-03-12,23.5833
2014-03-13,23.625
2014-03-14,24.3333
2014-03-15,24.6667
2014-03-16,25.0833
2014-03-17,25.4583
2014-03-18,26.0
2014-03-19,26.25
2014-03-20,26.7917
2014-03-21,28.0833
2014-03-22,27.875
2014-03-23,27.4167
2014-03-24,26.7083
2014-03-25,26.5833
2014-03-26,26.625
2014-03-27,26.25
2014-03-28,26.875
2014-03-29,28.0833
2014-03-30,28.2917
2014-03-31,28.4583
2014-04-01,29.5417
2014-04-02,30.1667
2014-04-03,29.0417
2014-04-04,27.875
2014-04-05,28.2917
2014-04-06,28.25
2014-04-07,28.5833
2014-04-08,29.7917
2014-04-09,29.3333
2014-04-10,28.7917
2014-04-11,29.625
2014-04-12,27.9583
2014-04-13,28.125
2014-04-14,27.625
2014-04-15,28.5
2014-04-16,28.5417
2014-04-17,29.25
2014-04-18,29.9583
2014-04-19,30.0833
2014-04-20,29.125
2014-04-21,28.3333
2014-04-22,28.375
2014-04-23,28.875
2014-04-24,29.7083
2014-04-25,31.1667
2014-04-26,30.9167
2014-04-27,30.3333
2014-04-28,29.625
2014-04-29,30.4167
2014-04-30,30.125
2014-05-01,29.9583
2014-05-02,29.3333
2014-05-03,29.2083
2014-05-04,28.2083
2014-05-05,27.0
2014-05-06,26.375
2014-05-07,24.375
2014-05-08,23.25
2014-05-09,25.125
2014-05-10,26.8333
2014-05-11,28.125
2014-05-12,30.1667
2014-05-13,29.2917
2014-05-14,28.75
2014-05-15,29.0
2014-05-16,29.4583
2014-05-17,28.3333
2014-05-18,29.7917
2014-05-19,30.3333
2014-05-20,28.625
2014-05-21,27.5
2014-05-22,27.7917
2014-05-23,28.9167
2014-05-24,28.2083
2014-05-25,28.25
2014-05-26,29.0417
2014-05-27,29.625
2014-05-28,29.875
2014-05-29,30.25
2014-05-30,29.7083
2014-05-31,29.2083
2014-06-01,28.9583
2014-06-02,27.1667
2014-06-03,25.6667
2014-06-04,26.9167
2014-06-05,26.875
2014-06-06,27.0833
2014-06-07,27.0417
2014-06-08,27.0
2014-06-09,25.5417
2014-06-10,25.0417
2014-06-11,26.0417
2014-06-12,26.0417
2014-06-13,26.0
2014-06-14,26.7083
2014-06-15,25.9167
2014-06-16,26.125
2014-06-17,24.125
2014-06-18,24.8333
2014-06-19,25.6667
2014-06-20,25.0833
2014-06-21,25.5833
2014-06-22,25.6667
2014-06-23,26.25
2014-06-24,26.5417
2014-06-25,26.5833
2014-06-26,27.125
2014-06-27,27.75
2014-06-28,28.0
2014-06-29,27.1667
2014-06-30,26.5417
2014-07-01,25.7083
2014-07-02,25.75
2014-07-03,25.7083
2014-07-04,25.5417
2014-07-05,24.7083
2014-07-06,22.25
2014-07-07,24.125
2014-07-08,23.7917
2014-07-09,23.4167
2014-07-10,22.7083
2014-07-11,22.8333
2014-07-12,23.5417
2014-07-13,22.2917
2014-07-14,22.0417
2014-07-15,22.75
2014-07-16,23.25
2014-07-17,24.6667
2014-07-18,24.2083
2014-07-19,23.4583
2014-07-20,23.25
2014-07-21,23.2083
2014-07-22,24.5833
2014-07-23,23.8333
2014-07-24,24.2917
2014-07-25,24.0833
2014-07-26,24.625
2014-07-27,23.75
2014-07-28,24.2083
2014-07-29,24.75
2014-07-30,24.375
2014-07-31,23.5833
2014-08-01,23.9583
2014-08-02,23.375
2014-08-03,24.7083
2014-08-04,23.2917
2014-08-05,23.875
2014-08-06,24.0
2014-08-07,23.7917
2014-08-08,23.8333
2014-08-09,24.4167
2014-08-10,23.5417
2014-08-11,24.0417
2014-08-12,22.9583
2014-08-13,24.4167
2014-08-14,24.625
2014-08-15,24.8333
2014-08-16,25.0417
2014-08-17,24.5833
2014-08-18,24.9583
2014-08-19,25.7917
2014-08-20,26.7083
2014-08-21,26.4167
2014-08-22,25.75
2014-08-23,25.0
2014-08-24,24.25
2014-08-25,23.6667
2014-08-26,22.75
2014-08-27,21.7083
2014-08-28,20.2083
2014-08-29,20.5
2014-08-30,22.0
2014-08-31,22.375
2014-09-01,22.9583
2014-09-02,23.5833
2014-09-03,23.2917
2014-09-04,22.8333
2014-09-05,23.125
2014-09-06,22.4583
2014-09-07,21.9583
2014-09-08,23.2083
2014-09-09,22.9583
2014-09-10,23.0
2014-09-11,24.125
2014-09-12,24.1667
2014-09-13,23.5
2014-09-14,23.625
2014-09-15,23.5
2014-09-16,23.4583
2014-09-17,22.375
2014-09-18,22.5833
2014-09-19,22.8333
2014-09-20,23.5833
2014-09-21,23.7083
2014-09-22,24.2083
2014-09-23,25.25
2014-09-24,25.3333
2014-09-25,24.2917
2014-09-26,24.1667
2014-09-27,23.7083
2014-09-28,23.5833
2014-09-29,23.5833
2014-09-30,23.6667
2014-10-01,23.875
2014-10-02,23.7917
2014-10-03,24.5417
2014-10-04,24.1667
2014-10-05,24.8333
2014-10-06,24.0833
2014-10-07,23.6667
2014-10-08,23.1667
2014-10-09,23.75
2014-10-10,23.7917
2014-10-11,23.5833
2014-10-12,23.0833
2014-10-13,22.7083
2014-10-14,23.7083
2014-10-15,23.375
2014-10-16,22.6667
2014-10-17,22.4583
2014-10-18,21.5833
2014-10-19,20.9583
2014-10-20,20.875
2014-10-21,21.5417
2014-10-22,22.0833
2014-10-23,22.0
2014-10-24,21.9583
2014-10-25,22.3333
2014-10-26,22.6667
2014-10-27,21.875
2014-10-28,21.375
2014-10-29,21.4167
2014-10-30,20.8333
2014-10-31,21.25
2014-11-01,21.1667
2014-11-02,20.6667
2014-11-03,21.7917
2014-11-04,20.875
2014-11-05,20.5
2014-11-06,20.875
2014-11-07,21.9583
2014-11-08,22.0833
2014-11-09,22.125
2014-11-10,23.0833
2014-11-11,22.3333
2014-11-12,21.875
2014-11-13,20.125
2014-11-14,21.5833
2014-11-15,21.75
2014-11-16,20.7083
2014-11-17,20.4583
2014-11-18,20.625
2014-11-19,21.2917
2014-11-20,20.7083
2014-11-21,20.9583
2014-11-22,21.4167
2014-11-23,21.0
2014-11-24,20.5
2014-11-25,20.25
2014-11-26,19.9167
2014-11-27,19.75
2014-11-28,19.75
2014-11-29,19.5
2014-11-30,19.8333
2014-12-01,21.0417
2014-12-02,20.7917
2014-12-03,19.6667
2014-12-04,19.5833
2014-12-05,19.125
2014-12-06,19.7917
2014-12-07,21.5417
2014-12-08,21.7083
2014-12-09,22.25
2014-12-10,21.7917
2014-12-11,21.375
2014-12-12,21.9583
2014-12-13,20.8333
2014-12-14,21.3333
2014-12-15,21.4583
2014-12-16,21.25
2014-12-17,20.7917
2014-12-18,20.1667
2014-12-19,20.5417
2014-12-20,19.9167
2014-12-21,20.0
2014-12-22,19.9167
2014-12-23,20.25
2014-12-24,20.7083
2014-12-25,19.6667
2014-12-26,18.7917
2014-12-27,19.25
2014-12-28,19.8333
2014-12-29,20.75
2014-12-30,21.4167
2014-12-31,22.375
2015-01-01,22.3333
2015-01-02,22.25
2015-01-03,21.3333
2015-01-04,22.0833
2015-01-05,22.0833
2015-01-06,22.0833
2015-01-07,21.7917
2015-01-08,22.3333
2015-01-09,21.2083
2015-01-10,19.5833
2015-01-11,18.3333
2015-01-12,18.4167
2015-01-13,18.75
2015-01-14,18.9583
2015-01-15,19.1667
2015-01-16,20.5417
2015-01-17,21.0
2015-01-18,20.9167
2015-01-19,20.625
2015-01-20,20.6667
2015-01-21,20.1667
2015-01-22,20.7083
2015-01-23,20.875
2015-01-24,21.2083
2015-01-25,21.75
2015-01-26,19.8333
2015-01-27,19.9167
2015-01-28,21.0417
2015-01-29,22.0833
2015-01-30,22.375
2015-01-31,21.7083
2015-02-01,20.9583
2015-02-02,20.4583
2015-02-03,20.125
2015-02-04,20.2083
2015-02-05,21.1667
2015-02-06,21.6667
2015-02-07,21.4583
2015-02-08,22.0
2015-02-09,21.4583
2015-02-10,20.2083
2015-02-11,21.2917
2015-02-12,22.3333
2015-02-13,23.0417
2015-02-14,23.5833
2015-02-15,23.75
2015-02-16,22.9583
2015-02-17,23.0417
2015-02-18,23.0417
2015-02-19,23.125
2015-02-20,22.625
2015-02-21,22.4167
2015-02-22,22.6667
2015-02-23,22.4583
2015-02-24,22.25
2015-02-25,23.3333
2015-02-26,24.2917
2015-02-27,24.9583
2015-02-28,23.6667
2015-03-01,23.7917
2015-03-02,23.75
2015-03-03,24.25
2015-03-04,24.2083
2015-03-05,24.625
2015-03-06,24.5417
2015-03-07,24.2083
2015-03-08,24.0
2015-03-09,23.9167
2015-03-10,22.0417
2015-03-11,25.2917
2015-03-12,25.0
2015-03-13,25.3333
2015-03-14,25.5
2015-03-15,25.2083
2015-03-16,25.375
2015-03-17,25.8333
2015-03-18,26.0833
2015-03-19,25.5
2015-03-20,25.9583
2015-03-21,26.0
2015-03-22,27.0
2015-03-23,27.6667
2015-03-24,27.875
2015-03-25,27.0833
2015-03-26,26.5417
2015-03-27,26.1667
2015-03-28,25.5
2015-03-29,26.3333
2015-03-30,26.375
2015-03-31,26.5417
2015-04-01,27.0833
2015-04-02,28.125
2015-04-03,27.75
2015-04-04,28.8333
2015-04-05,28.9167
2015-04-06,27.8333
2015-04-07,28.2083
2015-04-08,27.75
2015-04-09,27.8333
2015-04-10,27.5833
2015-04-11,27.875
2015-04-12,26.2917
2015-04-13,28.3333
2015-04-14,28.375
2015-04-15,28.375
2015-04-16,26.0417
2015-04-17,26.2917
2015-04-18,26.375
2015-04-19,27.4167
2015-04-20,27.375
2015-04-21,27.0833
2015-04-22,27.6667
2015-04-23,28.0833
2015-04-24,28.1667
2015-04-25,27.0417
2015-04-26,26.75
2015-04-27,26.375
2015-04-28,28.0
2015-04-29,28.25
2015-04-30,28.2917
2015-05-01,28.5417
2015-05-02,27.9583
2015-05-03,28.4583
2015-05-04,27.9583
2015-05-05,26.9583
2015-05-06,27.7083
2015-05-07,27.75
2015-05-08,29.0
2015-05-09,29.4583
2015-05-10,29.0833
2015-05-11,26.9583
2015-05-12,27.0417
2015-05-13,23.4167
2015-05-14,24.9167
2015-05-15,26.0
2015-05-16,25.2917
2015-05-17,25.8333
2015-05-18,26.5417
2015-05-19,27.2083
2015-05-20,27.875
2015-05-21,28.0417
2015-05-22,28.25
2015-05-23,27.4167
2015-05-24,28.0417
2015-05-25,27.9583
2015-05-26,27.8333
2015-05-27,27.5417
2015-05-28,28.2917
2015-05-29,27.0417
2015-05-30,28.625
2015-05-31,27.5833
2015-06-01,26.625
2015-06-02,26.2917
2015-06-03,26.75
2015-06-04,25.7917
2015-06-05,26.125
2015-06-06,26.5833
2015-06-07,26.5833
2015-06-08,26.4167
2015-06-09,25.2917
2015-06-10,25.9167
2015-06-11,26.25
2015-06-12,25.0833
2015-06-13,24.625
2015-06-14,24.0417
2015-06-15,24.5
2015-06-16,23.4583
2015-06-17,23.7083
2015-06-18,22.0833
2015-06-19,22.1667
2015-06-20,22.8333
2015-06-21,23.375
2015-06-22,24.0417
2015-06-23,24.625
2015-06-24,24.4583
2015-06-25,24.9167
2015-06-26,24.7917
2015-06-27,25.5833
2015-06-28,25.5417
2015-06-29,24.7917
2015-06-30,24.9583
2015-07-01,25.5
2015-07-02,25.375
2015-07-03,25.2917
2015-07-04,25.4583
2015-07-05,26.2917
2015-07-06,25.2083
2015-07-07,24.9167
2015-07-08,25.5
2015-07-09,25.7917
2015-07-10,24.5417
2015-07-11,25.1667
2015-07-12,25.5833
2015-07-13,25.8333
2015-07-14,26.125
2015-07-15,25.0
2015-07-16,24.5
2015-07-17,24.5
2015-07-18,24.5
2015-07-19,23.875
2015-07-20,23.7917
2015-07-21,24.3333
2015-07-22,24.4583
2015-07-23,24.1667
2015-07-24,24.125
2015-07-25,24.4583
2015-07-26,24.2917
2015-07-27,24.25
2015-07-28,24.3333
2015-07-29,25.0417
2015-07-30,25.0417
2015-07-31,24.625
2015-08-01,23.75
2015-08-02,23.4583
2015-08-03,23.5
2015-08-04,23.875
2015-08-05,23.875
2015-08-06,24.25
2015-08-07,24.4583
2015-08-08,24.625
2015-08-09,23.875
2015-08-10,24.5833
2015-08-11,24.625
2015-08-12,23.8333
2015-08-13,24.0833
2015-08-14,24.3333
2015-08-15,24.9583
2015-08-16,24.7083
2015-08-17,24.7917
2015-08-18,25.3333
2015-08-19,25.125
2015-08-20,24.5833
2015-08-21,24.5833
2015-08-22,23.5
2015-08-23,23.4583
2015-08-24,23.375
2015-08-25,23.625
2015-08-26,23.4583
2015-08-27,22.1667
2015-08-28,23.4583
2015-08-29,24.0833
2015-08-30,24.5
2015-08-31,24.6667
2015-09-01,23.1667
2015-09-02,25.5833
2015-09-03,24.9583
2015-09-04,25.4583
2015-09-05,23.5417
2015-09-06,23.125
2015-09-07,21.4167
2015-09-08,21.9167
2015-09-09,22.7917
2015-09-10,22.5417
2015-09-11,22.875
2015-09-12,23.4167
2015-09-13,23.125
2015-09-14,22.7917
2015-09-15,20.875
2015-09-16,22.2083
2015-09-17,22.7083
2015-09-18,22.6667
2015-09-19,22.75
2015-09-20,22.7917
2015-09-21,23.2917
2015-09-22,24.9167
2015-09-23,24.9583
2015-09-24,25.0
2015-09-25,25.0
2015-09-26,24.7083
2015-09-27,24.2917
2015-09-28,23.8333
2015-09-29,23.5833
2015-09-30,23.375
2015-10-01,23.4583
2015-10-02,23.625
2015-10-03,23.4583
2015-10-04,22.875
2015-10-05,21.5
2015-10-06,22.4167
2015-10-07,23.3333
2015-10-08,23.0417
2015-10-09,22.7917
2015-10-10,23.4167
2015-10-11,23.6667
2015-10-12,24.0
2015-10-13,23.2917
2015-10-14,22.9583
2015-10-15,23.125
2015-10-16,23.5417
2015-10-17,23.4583
2015-10-18,23.875
2015-10-19,23.5
2015-10-20,23.8333
2015-10-21,23.3333
2015-10-22,22.6667
2015-10-23,23.7083
2015-10-24,24.0833
2015-10-25,23.125
2015-10-26,21.9583
2015-10-27,22.375
2015-10-28,23.25
2015-10-29,23.4583
2015-10-30,23.4583
2015-10-31,23.125
2015-11-01,22.875
2015-11-02,22.375
2015-11-03,20.9583
2015-11-04,22.2917
2015-11-05,22.6667
2015-11-06,22.75
2015-11-07,22.5
2015-11-08,21.7917
2015-11-09,19.75
2015-11-10,18.5833
2015-11-11,20.0833
2015-11-12,21.625
2015-11-13,20.5833
2015-11-14,20.125
2015-11-15,18.7917
2015-11-16,18.5833
2015-11-17,18.4167
2015-11-18,19.7083
2015-11-19,21.2917
2015-11-20,21.75
2015-11-21,21.875
2015-11-22,21.875
2015-11-23,21.5417
2015-11-24,21.625
2015-11-25,20.25
2015-11-26,20.625
2015-11-27,21.1667
2015-11-28,20.0833
2015-11-29,20.4167
2015-11-30,21.375
2015-12-01,20.8333
2015-12-02,20.0
2015-12-03,21.25
2015-12-04,22.125
2015-12-05,20.7917
2015-12-06,20.9583
2015-12-07,20.9583
2015-12-08,20.7083
2015-12-09,21.375
2015-12-10,22.375
2015-12-11,22.375
2015-12-12,22.2083
2015-12-13,22.7083
2015-12-14,22.5
2015-12-15,21.75
2015-12-16,21.375
2015-12-17,20.0833
2015-12-18,19.7917
2015-12-19,19.9583
2015-12-20,20.0417
2015-12-21,20.875
2015-12-22,21.0
2015-12-23,20.4167
2015-12-24,20.5
2015-12-25,20.5833
2015-12-26,20.3333
2015-12-27,19.8333
2015-12-28,20.7917
2015-12-29,20.2083
2015-12-30,20.125
2015-12-31,19.6667
2016-01-01,19.3333
2016-01-02,19.625
2016-01-03,20.0417
2016-01-04,21.25
2016-01-05,21.375
2016-01-06,20.7083
2016-01-07,20.5417
2016-01-08,20.1667
2016-01-09,20.1667
2016-01-10,19.9583
2016-01-11,20.0
2016-01-12,20.3333
2016-01-13,20.25
2016-01-14,20.375
2016-01-15,20.3333
2016-01-16,21.75
2016-01-17,21.5
2016-01-18,21.6667
2016-01-19,20.8333
2016-01-20,21.5417
2016-01-21,22.4583
2016-01-22,21.4583
2016-01-23,21.1667
2016-01-24,21.0833
2016-01-25,22.9167
2016-01-26,23.1667
2016-01-27,23.2083
2016-01-28,23.25
2016-01-29,22.875
2016-01-30,22.0
2016-01-31,22.0833
2016-02-01,22.4583
2016-02-02,22.4167
2016-02-03,22.2917
2016-02-04,22.4583
2016-02-05,21.9167
2016-02-06,22.5417
2016-02-07,23.5
2016-02-08,24.0
2016-02-09,23.9167
2016-02-10,24.6667
2016-02-11,24.75
2016-02-12,24.7083
2016-02-13,24.5
2016-02-14,23.7917
2016-02-15,23.0417
2016-02-16,23.4583
2016-02-17,23.2083
2016-02-18,23.0833
2016-02-19,23.9583
2016-02-20,25.3333
2016-02-21,26.1667
2016-02-22,26.5417
2016-02-23,25.5
2016-02-24,25.25
2016-02-25,26.2083
2016-02-26,25.0417
2016-02-27,24.5833
2016-02-28,24.9167
2016-02-29,24.5417
2016-03-01,24.375
2016-03-02,24.625
2016-03-03,25.2917
2016-03-04,24.9167
2016-03-05,25.125
2016-03-06,25.375
2016-03-07,25.0417
2016-03-08,25.6667
2016-03-09,26.25
2016-03-10,26.5833
2016-03-11,27.2083
2016-03-12,27.9583
2016-03-13,28.4167
2016-03-14,28.625
2016-03-15,27.5
2016-03-16,28.3333
2016-03-17,29.2917
2016-03-18,29.3333
2016-03-19,29.2083
2016-03-20,29.375
2016-03-21,29.75
2016-03-22,29.625
2016-03-23,28.8333
2016-03-24,28.9583
2016-03-25,27.75
2016-03-26,27.5
2016-03-27,27.2083
2016-03-28,26.9167
2016-03-29,27.0
2016-03-30,27.7083
2016-03-31,28.375
2016-04-01,28.4583
2016-04-02,28.5417
2016-04-03,28.9583
2016-04-04,28.7917
2016-04-05,28.875
2016-04-06,28.875
2016-04-07,30.0833
2016-04-08,29.2083
2016-04-09,28.625
2016-04-10,28.5833
2016-04-11,29.7917
2016-04-12,30.75
2016-04-13,28.5417
2016-04-14,28.375
2016-04-15,28.4167
2016-04-16,28.4167
2016-04-17,28.8333
2016-04-18,29.0
2016-04-19,29.0417
2016-04-20,28.4167
2016-04-21,30.9167
2016-04-22,30.7083
2016-04-23,31.25
2016-04-24,31.9583
2016-04-25,31.6667
2016-04-26,30.0833
2016-04-27,29.3333
2016-04-28,29.4167
2016-04-29,29.7917
2016-04-30,30.2083
2016-05-01,31.0833
2016-05-02,30.0
2016-05-03,30.4167
2016-05-04,29.875
2016-05-05,29.3333
2016-05-06,28.0417
2016-05-07,28.6667
2016-05-08,28.375
2016-05-09,29.0417
2016-05-10,28.75
2016-05-11,28.2917
2016-05-12,27.7917
2016-05-13,29.5
2016-05-14,28.5417
2016-05-15,29.0
2016-05-16,27.2083
2016-05-17,26.75
2016-05-18,25.5417
2016-05-19,27.4167
2016-05-20,27.2083
2016-05-21,27.1667
2016-05-22,27.7083
2016-05-23,27.625
2016-05-24,28.125
2016-05-25,27.3333
2016-05-26,27.8333
2016-05-27,25.125
2016-05-28,23.25
2016-05-29,26.2917
2016-05-30,24.7083
2016-05-31,27.0
2016-06-01,26.1667
2016-06-02,25.6667
2016-06-03,26.3333
2016-06-04,25.3333
2016-06-05,24.75
2016-06-06,25.1667
2016-06-07,25.125
2016-06-08,24.8333
2016-06-09,24.4583
2016-06-10,24.6667
2016-06-11,24.6667
2016-06-12,24.625
2016-06-13,24.0833
2016-06-14,24.2083
2016-06-15,24.9167
2016-06-16,24.4583
2016-06-17,24.4167
2016-06-18,23.625
2016-06-19,24.0
2016-06-20,23.5
2016-06-21,23.2917
2016-06-22,23.3333
2016-06-23,22.1667
2016-06-24,22.6667
2016-06-25,22.0
2016-06-26,23.0833
2016-06-27,22.4167
2016-06-28,22.625
2016-06-29,21.2917
2016-06-30,23.0417
2016-07-01,23.25
2016-07-02,23.6667
2016-07-03,24.125
2016-07-04,23.6667
2016-07-05,24.1667
2016-07-06,23.125
2016-07-07,23.6667
2016-07-08,24.125
2016-07-09,23.5
2016-07-10,24.375
2016-07-11,23.875
2016-07-12,23.4583
2016-07-13,24.2083
2016-07-14,25.0
2016-07-15,24.8333
2016-07-16,24.4583
2016-07-17,23.5833
2016-07-18,23.5833
2016-07-19,23.4167
2016-07-20,23.4583
2016-07-21,23.5833
2016-07-22,23.7917
2016-07-23,23.5417
2016-07-24,23.625
2016-07-25,23.6667
2016-07-26,23.9167
2016-07-27,23.7083
2016-07-28,23.7917
2016-07-29,21.5833
2016-07-30,20.5417
2016-07-31,22.25
2016-08-01,21.7083
2016-08-02,22.4167
2016-08-03,22.1667
2016-08-04,22.5417
2016-08-05,23.4167
2016-08-06,23.3333
2016-08-07,23.2083
2016-08-08,23.7083
2016-08-09,23.75
2016-08-10,23.8333
2016-08-11,24.0417
2016-08-12,24.0417
2016-08-13,23.375
2016-08-14,22.6667
2016-08-15,22.7083
2016-08-16,22.375
2016-08-17,23.125
2016-08-18,23.3333
2016-08-19,23.375
2016-08-20,24.25
2016-08-21,24.9167
2016-08-22,24.2917
2016-08-23,24.0417
2016-08-24,24.0
2016-08-25,24.0
2016-08-26,24.0833
2016-08-27,23.5833
2016-08-28,23.375
2016-08-29,23.4167
2016-08-30,22.625
2016-08-31,23.7083
2016-09-01,22.25
2016-09-02,22.4583
2016-09-03,22.75
2016-09-04,22.7083
2016-09-05,22.5
2016-09-06,22.0417
2016-09-07,22.25
2016-09-08,22.9167
2016-09-09,23.7917
2016-09-10,23.4583
2016-09-11,21.5833
2016-09-12,22.5417
2016-09-13,22.5833
2016-09-14,22.8333
2016-09-15,22.75
2016-09-16,22.7083
2016-09-17,22.5833
2016-09-18,22.6667
2016-09-19,22.8333
2016-09-20,22.5
2016-09-21,21.7917
2016-09-22,22.0417
2016-09-23,21.2083
2016-09-24,21.875
2016-09-25,21.875
2016-09-26,23.0
2016-09-27,23.1667
2016-09-28,23.2083
2016-09-29,23.2917
2016-09-30,23.0417
2016-10-01,22.4167
2016-10-02,22.3333
2016-10-03,23.9583
2016-10-04,23.5833
2016-10-05,23.0417
2016-10-06,23.0417
2016-10-07,22.6667
2016-10-08,22.875
2016-10-09,22.3333
2016-10-10,22.2917
2016-10-11,22.875
2016-10-12,23.0833
2016-10-13,22.75
2016-10-14,22.375
2016-10-15,21.75
2016-10-16,21.7083
2016-10-17,21.8333
2016-10-18,22.75
2016-10-19,22.4167
2016-10-20,22.375
2016-10-21,21.875
2016-10-22,21.7083
2016-10-23,20.9583
2016-10-24,21.5
2016-10-25,21.9583
2016-10-26,22.0417
2016-10-27,21.875
2016-10-28,22.3333
2016-10-29,22.4167
2016-10-30,22.7083
2016-10-31,22.625
2016-11-01,22.4583
2016-11-02,22.2917
2016-11-03,22.75
2016-11-04,23.0833
2016-11-05,22.5417
2016-11-06,21.7083
2016-11-07,21.3333
2016-11-08,20.875
2016-11-09,19.8333
2016-11-10,20.4167
2016-11-11,20.875
2016-11-12,21.8333
2016-11-13,22.1667
2016-11-14,22.3333
2016-11-15,22.25
2016-11-16,22.0417
2016-11-17,21.7083
2016-11-18,21.1667
2016-11-19,20.9167
2016-11-20,20.9167
2016-11-21,20.875
2016-11-22,20.3333
2016-11-23,20.2917
2016-11-24,19.7917
2016-11-25,19.8333
2016-11-26,20.0833
2016-11-27,20.5833
2016-11-28,21.0417
2016-11-29,20.9167
2016-11-30,20.1667
2016-12-01,19.5
2016-12-02,20.7083
2016-12-03,21.125
2016-12-04,21.625
2016-12-05,22.0417
2016-12-06,21.125
2016-12-07,20.0
2016-12-08,20.5833
2016-12-09,20.3333
2016-12-10,19.5
2016-12-11,20.0417
2016-12-12,20.5833
2016-12-13,18.5833
2016-12-14,20.375
2016-12-15,20.6667
2016-12-16,20.25
2016-12-17,20.5833
2016-12-18,20.4167
2016-12-19,20.125
2016-12-20,20.2917
2016-12-21,20.6667
2016-12-22,20.5833
2016-12-23,20.0417
2016-12-24,19.625
2016-12-25,19.5
2016-12-26,20.1667
2016-12-27,20.0
2016-12-28,20.2083
2016-12-29,19.5417
2016-12-30,19.2917
2016-12-31,19.1667
2017-01-01,19.8333
2017-01-02,20.6667
2017-01-03,20.5833
2017-01-04,20.3333
2017-01-05,20.1667
2017-01-06,20.0833
2017-01-07,20.375
2017-01-08,20.2083
2017-01-09,20.375
2017-01-10,21.2083
2017-01-11,20.9583
2017-01-12,20.875
2017-01-13,20.375
2017-01-14,19.7917
2017-01-15,20.0
2017-01-16,19.9583
2017-01-17,19.5417
2017-01-18,19.1667
2017-01-19,19.2083
2017-01-20,20.5
2017-01-21,21.8333
2017-01-22,21.9167
2017-01-23,21.0
2017-01-24,21.6667
2017-01-25,21.5833
2017-01-26,20.375
2017-01-27,22.2083
2017-01-28,22.7083
2017-01-29,23.0833
2017-01-30,22.75
2017-01-31,22.2083
2017-02-01,21.375
2017-02-02,21.1667
2017-02-03,21.0
2017-02-04,20.7083
2017-02-05,20.7083
2017-02-06,21.6667
2017-02-07,22.5833
2017-02-08,22.25
2017-02-09,21.7917
2017-02-10,21.7917
2017-02-11,21.6667
2017-02-12,20.875
2017-02-13,20.875
2017-02-14,21.5
2017-02-15,21.9167
2017-02-16,21.2083
2017-02-17,20.625
2017-02-18,21.7917
2017-02-19,22.9583
2017-02-20,24.3333
2017-02-21,25.0
2017-02-22,25.5833
2017-02-23,25.2083
2017-02-24,25.375
2017-02-25,25.2083
2017-02-26,24.375
2017-02-27,23.2083
2017-02-28,22.8333
2017-03-01,23.3333
2017-03-02,23.4167
2017-03-03,24.4583
2017-03-04,24.9167
2017-03-05,25.9583
2017-03-06,25.9583
2017-03-07,25.25
2017-03-08,26.2917
2017-03-09,25.9167
2017-03-10,25.875
2017-03-11,25.875
2017-03-12,26.4583
2017-03-13,26.625
2017-03-14,24.7917
2017-03-15,24.0833
2017-03-16,24.3333
2017-03-17,26.125
2017-03-18,26.5833
2017-03-19,26.75
2017-03-20,26.1667
2017-03-21,25.875
2017-03-22,25.625
2017-03-23,25.8333
2017-03-24,26.0417
2017-03-25,26.75
2017-03-26,26.9583
2017-03-27,27.0417
2017-03-28,27.0
2017-03-29,27.5833
2017-03-30,27.1667
2017-03-31,27.4583
2017-04-01,27.8333
2017-04-02,28.4167
2017-04-03,28.5833
2017-04-04,28.7917
2017-04-05,28.7083
2017-04-06,28.9583
2017-04-07,28.6667
2017-04-08,28.9583
2017-04-09,28.5
2017-04-10,28.4167
2017-04-11,28.125
2017-04-12,28.9583
2017-04-13,28.7083
2017-04-14,28.375
2017-04-15,28.875
2017-04-16,28.5417
2017-04-17,28.1667
2017-04-18,29.125
2017-04-19,28.9583
2017-04-20,27.7083
2017-04-21,27.0
2017-04-22,27.75
2017-04-23,28.7083
2017-04-24,28.875
2017-04-25,28.7917
2017-04-26,29.1667
2017-04-27,29.0833
2017-04-28,28.7917
2017-04-29,29.375
2017-04-30,29.25
2017-05-01,28.2083
2017-05-02,27.25
2017-05-03,27.7917
2017-05-04,29.0
2017-05-05,29.3333
2017-05-06,29.9583
2017-05-07,29.0
2017-05-08,26.5417
2017-05-09,27.3333
2017-05-10,27.5
2017-05-11,28.0
2017-05-12,27.8333
2017-05-13,29.1667
2017-05-14,28.5833
2017-05-15,28.25
2017-05-16,29.0
2017-05-17,28.0
2017-05-18,26.3333
2017-05-19,26.875
2017-05-20,27.2083
2017-05-21,26.9583
2017-05-22,26.75
2017-05-23,27.4167
2017-05-24,27.5833
2017-05-25,27.4583
2017-05-26,27.1667
2017-05-27,24.2917
2017-05-28,25.75
2017-05-29,26.0833
2017-05-30,25.5417
2017-05-31,25.4167
2017-06-01,25.875
2017-06-02,25.9583
2017-06-03,25.4167
2017-06-04,25.5417
2017-06-05,25.5833
2017-06-06,24.625
2017-06-07,23.0833
2017-06-08,23.0833
2017-06-09,22.875
2017-06-10,22.5833
2017-06-11,22.3333
2017-06-12,22.9167
2017-06-13,24.2083
2017-06-14,24.75
2017-06-15,24.625
2017-06-16,24.2083
2017-06-17,24.2917
2017-06-18,24.5
2017-06-19,24.375
2017-06-20,23.9167
2017-06-21,24.2083
2017-06-22,24.2917
2017-06-23,23.8333
2017-06-24,23.5417
2017-06-25,23.25
2017-06-26,23.625
2017-06-27,23.9583
2017-06-28,23.9167
2017-06-29,24.4583
2017-06-30,24.5
2017-07-01,24.7083
2017-07-02,24.625
2017-07-03,24.625
2017-07-04,23.4167
2017-07-05,24.125
2017-07-06,24.3333
2017-07-07,24.0417
2017-07-08,24.375
2017-07-09,24.6667
2017-07-10,24.875
2017-07-11,24.0833
2017-07-12,24.2917
2017-07-13,22.8333
2017-07-14,22.4167
2017-07-15,23.0417
2017-07-16,23.5417
2017-07-17,23.7083
2017-07-18,22.5833
2017-07-19,23.8333
2017-07-20,24.3333
2017-07-21,24.875
2017-07-22,25.25
2017-07-23,25.5
2017-07-24,25.5833
2017-07-25,25.9583
2017-07-26,26.2917
2017-07-27,25.7917
2017-07-28,26.375
2017-07-29,26.7083
2017-07-30,26.25
2017-07-31,26.375
2017-08-01,27.1667
2017-08-02,26.6667
2017-08-03,24.7917
2017-08-04,24.7917
2017-08-05,24.7083
2017-08-06,25.4583
2017-08-07,25.625
2017-08-08,25.375
2017-08-09,24.75
2017-08-10,24.5417
2017-08-11,24.375
2017-08-12,23.9167
2017-08-13,22.625
2017-08-14,24.875
2017-08-15,24.8333
2017-08-16,24.75
2017-08-17,24.2917
2017-08-18,23.625
2017-08-19,23.2083
2017-08-20,23.625
2017-08-21,24.0417
2017-08-22,24.0417
2017-08-23,23.2083
2017-08-24,22.1667
2017-08-25,22.7083
2017-08-26,23.9167
2017-08-27,23.5417
2017-08-28,22.7917
2017-08-29,22.8333
2017-08-30,24.625
2017-08-31,25.2917
2017-09-01,25.5417
2017-09-02,25.8333
2017-09-03,26.0833
2017-09-04,26.2083
2017-09-05,26.0833
2017-09-06,25.5
2017-09-07,25.375
2017-09-08,25.5417
2017-09-09,25.2083
2017-09-10,24.9583
2017-09-11,25.25
2017-09-12,25.75
2017-09-13,25.875
2017-09-14,25.0833
2017-09-15,23.9583
2017-09-16,23.75
2017-09-17,22.0417
2017-09-18,22.7083
2017-09-19,23.1667
2017-09-20,23.2917
2017-09-21,23.375
2017-09-22,24.1667
2017-09-23,25.0417
2017-09-24,24.8333
2017-09-25,23.7083
2017-09-26,24.125
2017-09-27,24.0
2017-09-28,22.875
2017-09-29,22.9167
2017-09-30,23.625
2017-10-01,23.3333
2017-10-02,23.625
2017-10-03,24.5
2017-10-04,24.125
2017-10-05,24.1667
2017-10-06,21.8333
2017-10-07,24.5
2017-10-08,24.5
2017-10-09,24.5
2017-10-10,24.5833
2017-10-11,24.625
2017-10-12,23.875
2017-10-13,23.6667
2017-10-14,23.4583
2017-10-15,22.2083
2017-10-16,22.6667
2017-10-17,23.1667
2017-10-18,23.375
2017-10-19,23.9167
2017-10-20,23.8333
2017-10-21,23.625
2017-10-22,23.1667
2017-10-23,23.0
2017-10-24,23.875
2017-10-25,23.5833
2017-10-26,22.8333
2017-10-27,22.7083
2017-10-28,22.75
2017-10-29,22.7917
2017-10-30,21.0
2017-10-31,21.5
2017-11-01,21.0417
2017-11-02,21.9167
2017-11-03,22.25
2017-11-04,21.6667
2017-11-05,21.0833
2017-11-06,21.7083
2017-11-07,21.9167
2017-11-08,22.0
2017-11-09,22.0
2017-11-10,22.0417
2017-11-11,21.25
2017-11-12,21.3333
2017-11-13,22.0833
2017-11-14,22.625
2017-11-15,23.125
2017-11-16,23.2917
2017-11-17,23.4583
2017-11-18,23.2917
2017-11-19,23.0833
2017-11-20,23.1667
2017-11-21,23.2083
2017-11-22,22.625
2017-11-23,22.7083
2017-11-24,23.0417
2017-11-25,22.2083
2017-11-26,21.4583
2017-11-27,21.7083
2017-11-28,22.2083
2017-11-29,21.9167
2017-11-30,21.375
2017-12-01,20.875
2017-12-02,20.0417
2017-12-03,20.875
2017-12-04,20.8333
2017-12-05,20.875
2017-12-06,22.1667
2017-12-07,22.1667
2017-12-08,22.375
2017-12-09,22.5417
2017-12-10,22.625
2017-12-11,22.8333
2017-12-12,23.0
2017-12-13,22.9583
2017-12-14,22.5417
2017-12-15,21.875
2017-12-16,20.875
2017-12-17,19.875
2017-12-18,19.7083
2017-12-19,20.0
2017-12-20,21.0833
2017-12-21,21.0
2017-12-22,21.25
2017-12-23,21.0417
2017-12-24,20.5417
2017-12-25,20.875
2017-12-26,21.4583
2017-12-27,20.5
2017-12-28,19.2083
2017-12-29,19.5833
2017-12-30,20.1667
2017-12-31,21.0833
2018-01-01,22.3333
2018-01-02,22.4583
2018-01-03,22.7083
2018-01-04,21.7917
2018-01-05,20.9167
2018-01-06,20.5833
2018-01-07,20.9167
2018-01-08,20.4167
2018-01-09,21.0
2018-01-10,21.5
2018-01-11,22.4583
2018-01-12,23.375
2018-01-13,23.5833
2018-01-14,22.8333
2018-01-15,23.0417
2018-01-16,23.2917
2018-01-17,22.5833
2018-01-18,21.3333
2018-01-19,20.8333
2018-01-20,20.6667
2018-01-21,20.9167
2018-01-22,20.875
2018-01-23,22.0833
2018-01-24,22.875
2018-01-25,23.25
2018-01-26,22.6667
2018-01-27,22.0833
2018-01-28,22.625
2018-01-29,22.5833
2018-01-30,22.125
2018-01-31,22.125
2018-02-01,22.625
2018-02-02,22.5833
2018-02-03,21.5
2018-02-04,21.375
2018-02-05,21.8333
2018-02-06,24.0
2018-02-07,23.5833
2018-02-08,23.9167
2018-02-09,25.3333
2018-02-10,24.7917
2018-02-11,24.4583
2018-02-12,23.4583
2018-02-13,23.2917
2018-02-14,23.1667
2018-02-15,23.875
2018-02-16,23.8333
2018-02-17,24.0
2018-02-18,23.75
2018-02-19,23.7083
2018-02-20,24.1667
2018-02-21,24.5833
2018-02-22,24.4583
2018-02-23,23.9167
2018-02-24,23.4167
2018-02-25,24.0
2018-02-26,24.5833
2018-02-27,25.0417
2018-02-28,25.125
2018-03-01,25.2083
2018-03-02,25.5
2018-03-03,26.1667
2018-03-04,26.3333
2018-03-05,26.0833
2018-03-06,25.875
2018-03-07,25.6667
2018-03-08,26.25
2018-03-09,26.2083
2018-03-10,26.5
2018-03-11,26.75
2018-03-12,26.25
2018-03-13,25.7917
2018-03-14,26.6667
2018-03-15,27.0
2018-03-16,26.125
2018-03-17,25.1667
2018-03-18,25.0833
2018-03-19,25.875
2018-03-20,27.2917
2018-03-21,28.2917
2018-03-22,28.375
2018-03-23,29.2083
2018-03-24,28.0833
2018-03-25,28.25
2018-03-26,27.9167
2018-03-27,28.1667
2018-03-28,29.2083
2018-03-29,29.5417
2018-03-30,28.8333
2018-03-31,28.4583
2018-04-01,28.9583
2018-04-02,28.4167
2018-04-03,29.125
2018-04-04,28.75
2018-04-05,28.5417
2018-04-06,28.875
2018-04-07,29.0
2018-04-08,27.9167
2018-04-09,27.625
2018-04-10,27.75
2018-04-11,28.1667
2018-04-12,28.6667
2018-04-13,28.875
2018-04-14,29.3333
2018-04-15,29.3333
2018-04-16,29.375
2018-04-17,29.6667
2018-04-18,30.9167
2018-04-19,30.9167
2018-04-20,29.0
2018-04-21,29.75
2018-04-22,29.625
2018-04-23,29.3333
2018-04-24,29.8333
2018-04-25,29.2083
2018-04-26,29.8333
2018-04-27,30.125
2018-04-28,29.625
2018-04-29,30.25
2018-04-30,29.7083
2018-05-01,29.8333
2018-05-02,28.5
2018-05-03,27.5417
2018-05-04,28.2083
2018-05-05,29.1667
2018-05-06,29.6667
2018-05-07,29.8333
2018-05-08,28.5
2018-05-09,27.9167
2018-05-10,27.4167
2018-05-11,28.625
2018-05-12,27.7917
2018-05-13,28.4167
2018-05-14,27.5
2018-05-15,27.6667
2018-05-16,28.25
2018-05-17,28.75
2018-05-18,28.25
2018-05-19,28.9167
2018-05-20,28.5417
2018-05-21,27.5833
2018-05-22,28.0417
2018-05-23,28.7917
2018-05-24,28.125
2018-05-25,25.75
2018-05-26,26.8333
2018-05-27,27.9167
2018-05-28,27.5
2018-05-29,26.25
2018-05-30,26.6667
2018-05-31,27.2083
2018-06-01,27.0833
2018-06-02,26.375
2018-06-03,25.4167
2018-06-04,24.4167
2018-06-05,25.4167
2018-06-06,25.8333
2018-06-07,24.9583
2018-06-08,23.5
2018-06-09,23.9583
2018-06-10,24.625
2018-06-11,24.5833
2018-06-12,25.1667
2018-06-13,25.5417
2018-06-14,25.0833
2018-06-15,25.875
2018-06-16,26.125
2018-06-17,25.5
2018-06-18,25.375
2018-06-19,24.8333
2018-06-20,24.9167
2018-06-21,24.25
2018-06-22,24.1667
2018-06-23,24.25
2018-06-24,24.4167
2018-06-25,24.2083
2018-06-26,24.1667
2018-06-27,23.5417
2018-06-28,23.625
2018-06-29,24.25
2018-06-30,25.0417
2018-07-01,25.1667
2018-07-02,25.125
2018-07-03,24.375
2018-07-04,24.625
2018-07-05,25.2083
2018-07-06,23.7917
2018-07-07,22.7083
2018-07-08,23.125
2018-07-09,23.9583
2018-07-10,23.7917
2018-07-11,23.375
2018-07-12,23.5417
2018-07-13,23.6667
2018-07-14,24.0
2018-07-15,23.9583
2018-07-16,23.5833
2018-07-17,24.4167
2018-07-18,24.7083
2018-07-19,24.75
2018-07-20,24.3333
2018-07-21,24.375
2018-07-22,24.75
2018-07-23,23.875
2018-07-24,24.2083
2018-07-25,24.3333
2018-07-26,25.0417
2018-07-27,24.25
2018-07-28,24.625
2018-07-29,24.7083
2018-07-30,25.125
2018-07-31,24.25
2018-08-01,24.375
2018-08-02,25.0417
2018-08-03,24.75
2018-08-04,24.1667
2018-08-05,24.3333
2018-08-06,23.7083
2018-08-07,23.0
2018-08-08,23.5417
2018-08-09,24.0417
2018-08-10,23.75
2018-08-11,22.0833
2018-08-12,21.9583
2018-08-13,22.625
2018-08-14,22.4167
2018-08-15,23.0
2018-08-16,22.3333
2018-08-17,23.4583
2018-08-18,24.125
2018-08-19,23.75
2018-08-20,23.5833
2018-08-21,24.0417
2018-08-22,24.2917
2018-08-23,24.25
2018-08-24,24.0417
2018-08-25,23.625
2018-08-26,23.25
2018-08-27,23.2917
2018-08-28,23.4167
2018-08-29,23.4583
2018-08-30,23.7083
2018-08-31,23.875
2018-09-01,23.75
2018-09-02,24.375
2018-09-03,24.8333
2018-09-04,24.625
2018-09-05,24.0
2018-09-06,24.0833
2018-09-07,23.625
2018-09-08,24.5
2018-09-09,25.1667
2018-09-10,24.6667
2018-09-11,25.8333
2018-09-12,26.2917
2018-09-13,25.4583
2018-09-14,26.375
2018-09-15,25.125
2018-09-16,24.5
2018-09-17,23.4167
2018-09-18,24.375
2018-09-19,23.0833
2018-09-20,22.4583
2018-09-21,23.7083
2018-09-22,24.2083
2018-09-23,24.75
2018-09-24,25.25
2018-09-25,25.2083
2018-09-26,25.0833
2018-09-27,24.875
2018-09-28,24.5
2018-09-29,24.625
2018-09-30,24.9583
2018-10-01,24.9583
2018-10-02,24.7083
2018-10-03,24.5
2018-10-04,23.0833
2018-10-05,22.625
2018-10-06,23.2083
2018-10-07,23.7917
2018-10-08,24.4167
2018-10-09,24.5833
2018-10-10,24.4167
2018-10-11,24.8333
2018-10-12,25.2917
2018-10-13,25.8333
2018-10-14,24.75
2018-10-15,24.3333
2018-10-16,24.0
2018-10-17,23.375
2018-10-18,23.5
2018-10-19,23.3333
2018-10-20,23.125
2018-10-21,23.4583
2018-10-22,23.0833
2018-10-23,23.7083
2018-10-24,23.5417
2018-10-25,23.1667
2018-10-26,22.9167
2018-10-27,22.7083
2018-10-28,22.5833
2018-10-29,22.5417
2018-10-30,23.0833
2018-10-31,23.3333
2018-11-01,23.3333
2018-11-02,22.5
2018-11-03,22.625
2018-11-04,22.5417
2018-11-05,22.9167
2018-11-06,23.2083
2018-11-07,22.4583
2018-11-08,22.3333
2018-11-09,22.625
2018-11-10,22.8333
2018-11-11,22.6667
2018-11-12,22.5833
2018-11-13,22.2917
2018-11-14,22.5
2018-11-15,22.7917
2018-11-16,21.7083
2018-11-17,22.875
2018-11-18,23.1667
2018-11-19,22.875
2018-11-20,22.9583
2018-11-21,21.8333
2018-11-22,21.1667
2018-11-23,21.7083
2018-11-24,22.9583
2018-11-25,22.5833
2018-11-26,21.6667
2018-11-27,20.375
2018-11-28,20.7917
2018-11-29,21.7917
2018-11-30,22.5
2018-12-01,21.625
2018-12-02,21.0417
2018-12-03,21.0833
2018-12-04,21.875
2018-12-05,22.7917
2018-12-06,22.4167
2018-12-07,22.6667
2018-12-08,22.2917
2018-12-09,22.4167
2018-12-10,22.5
2018-12-11,23.2917
2018-12-12,23.125
2018-12-13,22.625
2018-12-14,22.75
2018-12-15,21.2917
2018-12-16,20.5833
2018-12-17,20.4167
2018-12-18,20.9583
2018-12-19,21.125
2018-12-20,21.75
2018-12-21,22.375
2018-12-22,22.875
2018-12-23,22.6667
2018-12-24,22.9583
2018-12-25,23.25
2018-12-26,23.4167
2018-12-27,23.4583
2018-12-28,22.9583
2018-12-29,21.4167
2018-12-30,20.875
2018-12-31,20.4583
2019-01-01,20.5833
2019-01-02,19.9583
2019-01-03,20.375
2019-01-04,20.7083
2019-01-05,20.5833
2019-01-06,21.625
2019-01-07,22.3333
2019-01-08,22.6667
2019-01-09,23.375
2019-01-10,22.6667
2019-01-11,23.6667
2019-01-12,22.4583
2019-01-13,23.4583
2019-01-14,23.4167
2019-01-15,22.8333
2019-01-16,22.6667
2019-01-17,22.625
2019-01-18,22.5833
2019-01-19,22.875
2019-01-20,21.9167
2019-01-21,22.2917
2019-01-22,24.4583
2019-01-23,23.5417
2019-01-24,23.6667
2019-01-25,22.7083
2019-01-26,22.8333
2019-01-27,22.5417
2019-01-28,23.2917
2019-01-29,22.0833
2019-01-30,21.9583
2019-01-31,21.4167
2019-02-01,21.6667
2019-02-02,22.4583
2019-02-03,23.125
2019-02-04,23.0
2019-02-05,23.7083
2019-02-06,24.0417
2019-02-07,24.8333
2019-02-08,25.4167
2019-02-09,26.875
2019-02-10,24.875
2019-02-11,23.6667
2019-02-12,22.9583
2019-02-13,23.625
2019-02-14,24.375
2019-02-15,25.0833
2019-02-16,26.5833
2019-02-17,27.75
2019-02-18,28.9583
2019-02-19,26.3333
2019-02-20,25.4583
2019-02-21,25.125
2019-02-22,25.2917
2019-02-23,26.25
2019-02-24,27.0
2019-02-25,28.125
2019-02-26,28.0833
2019-02-27,28.2083
2019-02-28,27.7083
2019-03-01,28.0417
2019-03-02,26.2917
2019-03-03,25.75
2019-03-04,28.0417
2019-03-05,29.3333
2019-03-06,30.7917
2019-03-07,32.2917
2019-03-08,31.9583
2019-03-09,27.7083
2019-03-10,27.875
2019-03-11,28.0833
2019-03-12,27.5
2019-03-13,27.4167
2019-03-14,27.5
2019-03-15,27.375
2019-03-16,26.5833
2019-03-17,26.9583
2019-03-18,28.0417
2019-03-19,29.0
2019-03-20,28.0
2019-03-21,28.7083
2019-03-22,28.9167
2019-03-23,28.8333
2019-03-24,29.2917
2019-03-25,29.1667
2019-03-26,28.7917
2019-03-27,29.0833
2019-03-28,29.8333
2019-03-29,29.7917
2019-03-30,29.6667
2019-03-31,30.4167
2019-04-01,30.9167
2019-04-02,30.25
2019-04-03,29.625
2019-04-04,29.125
2019-04-05,29.625
2019-04-06,30.7083
2019-04-07,30.7917
2019-04-08,30.25
2019-04-09,30.0
2019-04-10,30.7917
2019-04-11,31.125
2019-04-12,31.3333
2019-04-13,31.0
2019-04-14,30.25
2019-04-15,30.4583
2019-04-16,30.75
2019-04-17,29.9583
2019-04-18,30.1667
2019-04-19,30.5833
2019-04-20,30.0417
2019-04-21,29.5833
2019-04-22,30.0833
2019-04-23,29.5833
2019-04-24,30.0
2019-04-25,30.375
2019-04-26,31.1667
2019-04-27,32.0
2019-04-28,31.7917
2019-04-29,31.0
2019-04-30,29.7083
2019-05-01,29.0417
2019-05-02,30.25
2019-05-03,29.4167
2019-05-04,29.4583
2019-05-05,30.5
2019-05-06,31.0417
2019-05-07,28.375
2019-05-08,27.0
2019-05-09,28.3333
2019-05-10,30.3333
2019-05-11,30.0
2019-05-12,28.3333
2019-05-13,29.0417
2019-05-14,29.5417
2019-05-15,28.9583
2019-05-16,29.5417
2019-05-17,29.4167
2019-05-18,30.5
2019-05-19,31.75
2019-05-20,31.7083
2019-05-21,31.2917
2019-05-22,30.875
2019-05-23,30.75
2019-05-24,30.9583
2019-05-25,29.75
2019-05-26,29.7083
2019-05-27,30.2917
2019-05-28,27.5833
2019-05-29,28.2917
2019-05-30,30.0833
2019-05-31,28.0417
2019-06-01,28.9583
2019-06-02,28.4583
2019-06-03,27.5
2019-06-04,28.7083
2019-06-05,29.25
2019-06-06,30.1667
2019-06-07,29.6667
2019-06-08,28.625
2019-06-09,27.9583
2019-06-10,25.4167
2019-06-11,25.5833
2019-06-12,25.2917
2019-06-13,25.75
2019-06-14,25.9167
2019-06-15,26.4167
2019-06-16,26.7917
2019-06-17,26.2917
2019-06-18,26.25
2019-06-19,26.75
2019-06-20,25.7083
2019-06-21,24.875
2019-06-22,23.7917
2019-06-23,24.6667
2019-06-24,24.9167
2019-06-25,25.375
2019-06-26,24.8333
2019-06-27,24.9167
2019-06-28,24.9583
2019-06-29,24.625
2019-06-30,24.75
2019-07-01,25.375
2019-07-02,25.5833
2019-07-03,25.5
2019-07-04,25.75
2019-07-05,25.5417
2019-07-06,24.8333
2019-07-07,24.5833
2019-07-08,25.25
2019-07-09,24.625
2019-07-10,24.9583
2019-07-11,26.0
2019-07-12,25.5417
2019-07-13,26.125
2019-07-14,24.9583
2019-07-15,24.5833
2019-07-16,25.125
2019-07-17,24.7083
2019-07-18,25.0417
2019-07-19,23.9583
2019-07-20,23.0833
2019-07-21,23.5833
2019-07-22,22.4167
2019-07-23,22.2083
2019-07-24,23.8333
2019-07-25,23.75
2019-07-26,23.2083
2019-07-27,23.125
2019-07-28,22.7083
2019-07-29,22.5833
2019-07-30,23.3333
2019-07-31,23.7083
2019-08-01,23.375
2019-08-02,23.4583
2019-08-03,23.6667
2019-08-04,23.9167
2019-08-05,22.875
2019-08-06,22.2917
2019-08-07,23.125
2019-08-08,22.5833
2019-08-09,21.4167
2019-08-10,22.7083
2019-08-11,23.2083
2019-08-12,23.2917
2019-08-13,23.8333
2019-08-14,23.0833
2019-08-15,23.5833
2019-08-16,23.4167
2019-08-17,22.0417
2019-08-18,22.9583
2019-08-19,24.1667
2019-08-20,23.1667
2019-08-21,23.5833
2019-08-22,23.2917
2019-08-23,23.2917
2019-08-24,22.8333
2019-08-25,23.5
2019-08-26,23.625
2019-08-27,22.3333
2019-08-28,22.9167
2019-08-29,23.8333
2019-08-30,23.5833
2019-08-31,23.2083
2019-09-01,23.0
2019-09-02,22.2917
2019-09-03,22.875
2019-09-04,23.0
2019-09-05,23.0833
2019-09-06,23.6667
2019-09-07,22.8333
2019-09-08,23.1667
2019-09-09,23.0833
2019-09-10,24.5
2019-09-11,24.0
2019-09-12,23.75
2019-09-13,24.125
2019-09-14,24.125
2019-09-15,23.875
2019-09-16,7.375
2019-09-17,21.5833
2019-09-18,22.2917
2019-09-19,23.0833
2019-09-20,23.4167
2019-09-21,24.375
2019-09-22,23.8333
2019-09-23,24.8333
2019-09-24,24.375
2019-09-25,24.3333
2019-09-26,23.4583
2019-09-27,23.9583
2019-09-28,24.2083
2019-09-29,24.0417
2019-09-30,23.5833
2019-10-01,24.5833
2019-10-02,25.1667
2019-10-03,25.0417
2019-10-04,24.6667
2019-10-05,24.2917
2019-10-06,24.1667
2019-10-07,24.4167
2019-10-08,25.0
2019-10-09,25.3333
2019-10-10,24.2083
2019-10-11,24.375
2019-10-12,24.5
2019-10-13,24.25
2019-10-14,24.5833
2019-10-15,24.0417
2019-10-16,23.2083
2019-10-17,22.2917
2019-10-18,22.9167
2019-10-19,23.5417
2019-10-20,23.8333
2019-10-21,23.2917
2019-10-22,22.125
2019-10-23,22.3333
2019-10-24,21.875
2019-10-25,21.875
2019-10-26,22.2083
2019-10-27,23.5417
2019-10-28,23.0417
2019-10-29,22.1667
2019-10-30,21.0833
2019-10-31,21.3333
2019-11-01,22.9167
2019-11-02,23.5
2019-11-03,23.2083
2019-11-04,23.9583
2019-11-05,24.1667
2019-11-06,24.1667
2019-11-07,24.2083
2019-11-08,22.5417
2019-11-09,23.7917
2019-11-10,23.7917
2019-11-11,23.25
2019-11-12,22.2083
2019-11-13,21.75
2019-11-14,21.5417
2019-11-15,22.4583
2019-11-16,22.5
2019-11-17,22.4167
2019-11-18,22.5
2019-11-19,23.4167
2019-11-20,22.6667
2019-11-21,22.2917
2019-11-22,21.375
2019-11-23,21.5
2019-11-24,21.375
2019-11-25,21.375
2019-11-26,19.7083
2019-11-27,20.5417
2019-11-28,22.1667
2019-11-29,21.3333
2019-11-30,21.5417
2019-12-01,21.0
2019-12-02,21.0
2019-12-03,20.6667
2019-12-04,20.4583
2019-12-05,19.8333
2019-12-06,19.5
2019-12-07,20.1667
2019-12-08,20.8333
2019-12-09,20.375
2019-12-10,20.3333
2019-12-11,20.9167
2019-12-12,20.8333
2019-12-13,20.875
2019-12-14,21.25
2019-12-15,20.5833
2019-12-16,20.9583
2019-12-17,20.9583
2019-12-18,20.6667
2019-12-19,20.6667
2019-12-20,20.4583
2019-12-21,20.75
2019-12-22,20.3333
2019-12-23,20.5417
2019-12-24,21.25
2019-12-25,21.5417
2019-12-26,22.4167
2019-12-27,22.4167
2019-12-28,21.375
2019-12-29,20.9167
2019-12-30,20.7917
2019-12-31,21.2083
2020-01-01,21.7083
